Workbook

Sheet 2026
A1: c];jhj; ngau;……………………….……….. | E1: c];jhj; ngau;……………………….………..
A2: Rl;byf;fk; | B2: khztu; ngau; | C2: ed;dlj;ijg; Gs;sp | E2: Admision No | F2: Name with initial | G2: Full Name | H2: Date of Birth | I2: Age | J2: N.I.C Number | K2: Date of Admision | L2: Father 's Status Alive / Deceased | M2: Father | N2: Grade in madrasa | O2: Class Usthadh | P2: Class Usthadh Contact Number | Q2: Grade in School | R2: Section | S2: Distric | T2: Address | U2: Contact
A3: 243 | B3: AKMAL ABDUL LATHEEF | E3: 243 | F3: A.L.M.AKMAL | G3: ABDUL LATHEEF MUHAMMAD AKMAL | H3: 36875 | I3: =DATEDIF(H3, TODAY(), "Y") & " Y " & DATEDIF(H3, TODAY(), "YM") & " M" -> 25 Y 1 M | J3: 200035003262 | L3: YES | N3: 7 | O3: =VLOOKUP(N3,$A$162:$B$172,2,FALSE) -> ASH-SHAIKH FAYZEEN | P3: =VLOOKUP(N3,$A$162:$C$172,3,FALSE) -> 0775020033 / 0761792209 | R3: SHAREE'AH | S3: KALUTARA | T3: 15/18A, MADAKISSA RD, HORETHUDUWE, KESALWATTA. | U3: 0777705940 / 0755764243
A4: 248 | B4: ISHFAK ILFAN | E4: 248 | F4: M.I.M.ISHFAQ | G4: MUHAMMAD ILFAN MUHAMMAD ISHFAQ | H4: 37316 | I4: =DATEDIF(H4, TODAY(), "Y") & " Y " & DATEDIF(H4, TODAY(), "YM") & " M" -> 23 Y 11 M | J4: 200206103934 | L4: YES | N4: 7 | O4: =VLOOKUP(N4,$A$162:$B$172,2,FALSE) -> ASH-SHAIKH FAYZEEN | P4: =VLOOKUP(N4,$A$162:$C$172,3,FALSE) -> 0775020033 / 0761792209 | R4: SHAREE'AH | S4: KALUTARA | T4: 73/6,TSNAMI HOUSES, DHARGA RD, BERUWELA. | U4: 0769455844 / 0774008535
A5: 250 | B5: FAIZAL ASHRAF | E5: 250 | F5: M.A.M.FAISAL | G5: MUHAMMAD ASHRAF MUHAMMAD FAISAL | H5: 37702 | I5: =DATEDIF(H5, TODAY(), "Y") & " Y " & DATEDIF(H5, TODAY(), "YM") & " M" -> 22 Y 10 M | J5: 200308200369 | L5: NO | M5: Death | N5: 7 | O5: =VLOOKUP(N5,$A$162:$B$172,2,FALSE) -> ASH-SHAIKH FAYZEEN | P5: =VLOOKUP(N5,$A$162:$C$172,3,FALSE) -> 0775020033 / 0761792209 | R5: SHAREE'AH | S5: KALUTARA | T5: 148/40, KADHIYA WATTA RD, WELIPITIYA, DHARGA TOWN. | U5: 0770333163 / 0778620559
A6: 325 | B6: ABDUR RAHMAN RIZWAN | E6: 325 | F6: M.R.ABDUR RAHMAN | G6: MUHAMMAD RIZWAN ABDUR RAHMAN | H6: 37891 | I6: =DATEDIF(H6, TODAY(), "Y") & " Y " & DATEDIF(H6, TODAY(), "YM") & " M" -> 22 Y 4 M | J6: 200327113163 | L6: YES | N6: 7 | O6: =VLOOKUP(N6,$A$162:$B$172,2,FALSE) -> ASH-SHAIKH FAYZEEN | P6: =VLOOKUP(N6,$A$162:$C$172,3,FALSE) -> 0775020033 / 0761792209 | R6: SHAREE'AH | S6: PUTTALAM | T6: HIJRA LANE, PUTHUKUDIERUPPU, BATTULU OYA. | U6: 0717257977 / 0775856331
A7: 331 | B7: ABDULLAH IJAZ | E7: 331 | F7: M.I.ABDULLAH | G7: MUHAMMAD IJAZ ABDULLAH | H7: 38586 | I7: =DATEDIF(H7, TODAY(), "Y") & " Y " & DATEDIF(H7, TODAY(), "YM") & " M" -> 20 Y 5 M | J7: 200522901050 | L7: YES | N7: 4 | O7: =VLOOKUP(N7,$A$162:$B$172,2,FALSE) -> ASH-SHAIKH MUNTHASIR | P7: =VLOOKUP(N7,$A$162:$C$172,3,FALSE) -> 0762663436 / 0755050300 | R7: SHAREE'AH | S7: KALUTARA | T7: 20/7, S,M LANE, WELPITIYA, DARGA TOWN. | U7: 0
A8: 341 | B8: AHAMEDH MAFAIS | E8: 341 | F8: M.M.AHMAD | G8: MMUHAMMAD MAFAIZ AHMAD | H8: 38528 | I8: =DATEDIF(H8, TODAY(), "Y") & " Y " & DATEDIF(H8, TODAY(), "YM") & " M" -> 20 Y 7 M | J8: 200517704065 | L8: YES | N8: 5 | O8: =VLOOKUP(N8,$A$162:$B$172,2,FALSE) -> ASH-SHAIKH HARSAN | P8: =VLOOKUP(N8,$A$162:$C$172,3,FALSE) -> 0774746493 / 0719150788 | R8: SHAREE'AH | S8: KALUTARA | T8: 41,THOTAWATHA, PANADURA. | U8: 772696059
A9: 342 | B9: ILHAM IRFAN | E9: 342 | F9: M.I.M. ILHAM | G9: MUHAMMAD IRFAN MUHAMMAD ILHAM | H9: 38519 | I9: =DATEDIF(H9, TODAY(), "Y") & " Y " & DATEDIF(H9, TODAY(), "YM") & " M" -> 20 Y 7 M | J9: 200516803973 | L9: YES | N9: 6 | O9: =VLOOKUP(N9,$A$162:$B$172,2,FALSE) -> ASH-SHAIKH SHAHEER AHMED | P9: =VLOOKUP(N9,$A$162:$C$172,3,FALSE) -> 757296619 | R9: SHAREE'AH | S9: KALUTARA | T9: 68/4,MARIKAR STREETS, KALUTHARA SOUTH. | U9: 757510962
A10: 345 | B10: AHSAN SHAKIR | E10: 345 | F10: M.S.M.AHSAN | G10: MUHAMMAD SHAKIR MUHAMMAD AHSAN | H10: 38162 | I10: =DATEDIF(H10, TODAY(), "Y") & " Y " & DATEDIF(H10, TODAY(), "YM") & " M" -> 21 Y 7 M | J10: 200417800580 | L10: YES | N10: 6 | O10: =VLOOKUP(N10,$A$162:$B$172,2,FALSE) -> ASH-SHAIKH SHAHEER AHMED | P10: =VLOOKUP(N10,$A$162:$C$172,3,FALSE) -> 757296619 | R10: SHAREE'AH | S10: KALUTARA | T10: 387/1, IBRAHEEM HAJIAR MW, A,BAMUNU MULLA , ATULUGAMA , BANDARA GAMA. | U10: 763433801
A11: 354 | B11: ABDULLAH MUNDHIR | E11: 354 | F11: M.M. ABDULLAH | G11: MUHAMMAD MUNDHIR ABDULLAH | H11: 37944 | I11: =DATEDIF(H11, TODAY(), "Y") & " Y " & DATEDIF(H11, TODAY(), "YM") & " M" -> 22 Y 2 M | J11: 200332413390 | L11: YES | N11: 7 | O11: =VLOOKUP(N11,$A$162:$B$172,2,FALSE) -> ASH-SHAIKH FAYZEEN | P11: =VLOOKUP(N11,$A$162:$C$172,3,FALSE) -> 0775020033 / 0761792209 | R11: SHAREE'AH | S11: KALUTARA | T11: 16, ZAVIYA RD, MAHAGODA, BERUWELA. | U11: 0768822240 / 0778119004
A12: 356 | B12: SAFRAN NALEEM | E12: 356 | F12: N.M.SHAFRAN | G12: NALEEM MUHAMMAD SAFRAN | H12: 37989 | I12: =DATEDIF(H12, TODAY(), "Y") & " Y " & DATEDIF(H12, TODAY(), "YM") & " M" -> 22 Y 1 M | J12: 200500504225 | L12: YES | N12: 5 | O12: =VLOOKUP(N12,$A$162:$B$172,2,FALSE) -> ASH-SHAIKH HARSAN | P12: =VLOOKUP(N12,$A$162:$C$172,3,FALSE) -> 0774746493 / 0719150788 | R12: SHAREE'AH | S12: TRINCOMALEE | T12: 104, KINNIYA, ANNA NAGAR. | U12: 755093414
A13: 363 | B13: IKRAM IRFAN | E13: 363 | F13: M.I.M. IKRAM | G13: MUHAMMAD IRFAN MUHAMMAD IKRAM | H13: 39056 | I13: =DATEDIF(H13, TODAY(), "Y") & " Y " & DATEDIF(H13, TODAY(), "YM") & " M" -> 19 Y 2 M | J13: 200634005227 | L13: YES | N13: 5 | O13: =VLOOKUP(N13,$A$162:$B$172,2,FALSE) -> ASH-SHAIKH HARSAN | P13: =VLOOKUP(N13,$A$162:$C$172,3,FALSE) -> 0774746493 / 0719150788 | R13: SHAREE'AH | S13: KALUTARA | T13: 68/4, MARIKAR STREETS, KALUTHARA SOUTH. | U13: 757510962
A14: 371 | B14: ABDUR RAHMAN JABIR ALI | E14: 371 | F14: J.A.ABDUR RAHMAN | G14: JABIR ALI ABDUR RAHAMN | H14: 38485 | I14: =DATEDIF(H14, TODAY(), "Y") & " Y " & DATEDIF(H14, TODAY(), "YM") & " M" -> 20 Y 8 M | J14: 200513404923 | L14: YES | N14: 5 | O14: =VLOOKUP(N14,$A$162:$B$172,2,FALSE) -> ASH-SHAIKH HARSAN | P14: =VLOOKUP(N14,$A$162:$C$172,3,FALSE) -> 0774746493 / 0719150788 | R14: SHAREE'AH | S14: KALUTARA | T14: 42/28, ALWIS PLACE, KALUTHARA SOUTH. | U14: 758978987
A15: 381 | B15: UMAR SAIFULLAH | E15: 381 | F15: M.S.UMAR | G15: MUHAMMAD SAIFULLAH UMAR | H15: 38629 | I15: =DATEDIF(H15, TODAY(), "Y") & " Y " & DATEDIF(H15, TODAY(), "YM") & " M" -> 20 Y 4 M | J15: 200527805087 | L15: YES | N15: 5 | O15: =VLOOKUP(N15,$A$162:$B$172,2,FALSE) -> ASH-SHAIKH HARSAN | P15: =VLOOKUP(N15,$A$162:$C$172,3,FALSE) -> 0774746493 / 0719150788 | R15: SHAREE'AH | S15: KALUTARA | T15: 103, HANAFI MAWATHA, MARADANA, BERUWELA. | U15: 775205760
A16: 383 | B16: ABDUR RAHMAN ALIYAR | E16: 383 | F16: M.A.ABDUR RAHMAN | G16: MUHAMMAD ALIYAR ABDUR RAHMAN | H16: 38768 | I16: =DATEDIF(H16, TODAY(), "Y") & " Y " & DATEDIF(H16, TODAY(), "YM") & " M" -> 19 Y 11 M | J16: 200605100127 | L16: YES | N16: 6 | O16: =VLOOKUP(N16,$A$162:$B$172,2,FALSE) -> ASH-SHAIKH SHAHEER AHMED | P16: =VLOOKUP(N16,$A$162:$C$172,3,FALSE) -> 757296619 | R16: SHAREE'AH | S16: KALUTARA | T16: 40/11A, LOTES ROAD, DHARGA TOWN. | U16: 770646880
A17: 384 | B17: MUHAMMADH MUSHIR KHAN | E17: 384 | F17: M.M.MUHAMMAD | G17: MUHAMMAD MUSHEER KHAN MUHAMMAD | H17: 38806 | I17: =DATEDIF(H17, TODAY(), "Y") & " Y " & DATEDIF(H17, TODAY(), "YM") & " M" -> 19 Y 10 M | J17: 200626301569 | L17: YES | N17: 5 | O17: =VLOOKUP(N17,$A$162:$B$172,2,FALSE) -> ASH-SHAIKH HARSAN | P17: =VLOOKUP(N17,$A$162:$C$172,3,FALSE) -> 0774746493 / 0719150788 | R17: SHAREE'AH | S17: HAMPANTHOTA | T17: J/19, SRI BO PURA, HAMBANTHOTA. | U17: 754743743
A18: 404 | B18: ASA'DH MUSADIQ | E18: 404 | F18: M.M.M.AS'ADH | G18: MUHAMMAD MUSADHIK MUHAMMAD AS'ADH | H18: 39070 | I18: =DATEDIF(H18, TODAY(), "Y") & " Y " & DATEDIF(H18, TODAY(), "YM") & " M" -> 19 Y 1 M | J18: 200635404723 | L18: YES | N18: 5 | O18: =VLOOKUP(N18,$A$162:$B$172,2,FALSE) -> ASH-SHAIKH HARSAN | P18: =VLOOKUP(N18,$A$162:$C$172,3,FALSE) -> 0774746493 / 0719150788 | R18: SHAREE'AH | S18: KALUTARA | T18: 155/43, MARADANA RD, BERUWALA. | U18: 764001178
A19: 408 | B19: HUSSAIN WASEEM | E19: 408 | F19: M.W.M.HUSAIN | G19: MUHAMMAD WASEEM MUHAMMAD HUSAIN | H19: 39814 | I19: =DATEDIF(H19, TODAY(), "Y") & " Y " & DATEDIF(H19, TODAY(), "YM") & " M" -> 17 Y 1 M | J19: 200900102814 | L19: YES | N19: 4 | O19: =VLOOKUP(N19,$A$162:$B$172,2,FALSE) -> ASH-SHAIKH MUNTHASIR | P19: =VLOOKUP(N19,$A$162:$C$172,3,FALSE) -> 0762663436 / 0755050300 | R19: SHAREE'AH | S19: KALUTARA | T19: 0 | U19: 777434380
A20: 410 | B20: MUHAMMADH ASNAF | E20: 410 | F20: A.H.MUHAMMAD | G20: ASNAF HASAN MUHAMMAD | H20: 37364 | I20: =DATEDIF(H20, TODAY(), "Y") & " Y " & DATEDIF(H20, TODAY(), "YM") & " M" -> 23 Y 9 M | J20: 200210910466 | L20: YES | N20: 5 | O20: =VLOOKUP(N20,$A$162:$B$172,2,FALSE) -> ASH-SHAIKH HARSAN | P20: =VLOOKUP(N20,$A$162:$C$172,3,FALSE) -> 0774746493 / 0719150788 | R20: SHAREE'AH | S20: KALUTARA | T20: 6/3, MORE STREET, KALUTHARA SOUTH. | U20: 0777520145 / 0758528229
A21: 413 | B21: YOOSUF AROOS | E21: 413 | F21: M.A.M.YOOSUF | G21: MUHAMMAD AROOS MUHAMMAD YOOSUF | H21: 38744 | I21: =DATEDIF(H21, TODAY(), "Y") & " Y " & DATEDIF(H21, TODAY(), "YM") & " M" -> 20 Y 0 M | J21: 200602704679 | L21: YES | N21: 4 | O21: =VLOOKUP(N21,$A$162:$B$172,2,FALSE) -> ASH-SHAIKH MUNTHASIR | P21: =VLOOKUP(N21,$A$162:$C$172,3,FALSE) -> 0762663436 / 0755050300 | R21: SHAREE'AH | S21: KALUTARA | T21: 14/B, MUSLIM RD, WELIPPANNA. | U21: 775332539
A22: 420 | B22: FASLULLAH IQBAL | E22: 420 | F22: M.I.M.FASRULLAH | G22: MUHAMMAD IQBAL MUHAMMAD FASRULLAH | H22: 39239 | I22: =DATEDIF(H22, TODAY(), "Y") & " Y " & DATEDIF(H22, TODAY(), "YM") & " M" -> 18 Y 7 M | J22: 200716502128 | L22: YES | N22: 3 | O22: =VLOOKUP(N22,$A$162:$B$172,2,FALSE) -> ASH-SHAIKH IHTHISHAM | P22: =VLOOKUP(N22,$A$162:$C$172,3,FALSE) -> 0770836023 / 0783027491 | R22: SHAREE'AH | S22: KALUTARA | T22: 44/C, MAHA HINATHI YANGALA, KALUTHARA. | U22: 756308746
A23: 426 | B23: YAHYA SINAN | E23: 426 | F23: M.S.M.YAHYA | G23: MUHAMMAD SINAN MUHAMMAD YAHYA | H23: 39491 | I23: =DATEDIF(H23, TODAY(), "Y") & " Y " & DATEDIF(H23, TODAY(), "YM") & " M" -> 17 Y 11 M | J23: 200804400842 | L23: YES | N23: 3 | O23: =VLOOKUP(N23,$A$162:$B$172,2,FALSE) -> ASH-SHAIKH IHTHISHAM | P23: =VLOOKUP(N23,$A$162:$C$172,3,FALSE) -> 0770836023 / 0783027491 | R23: SHAREE'AH | S23: KALUTARA | T23: 56, MOSQUE ROAD, PALANDHA, AGULAWATTHA. | U23: 775513799
A24: 429 | B24: RIKAS RIMZAN | E24: 429 | F24: M.R.M.RIKAS | G24: MUHAMMAD RIMSAN MUHAMMAD RIKAS | H24: 38811 | I24: =DATEDIF(H24, TODAY(), "Y") & " Y " & DATEDIF(H24, TODAY(), "YM") & " M" -> 19 Y 10 M | J24: 200509505560 | L24: NO | M24: Death | N24: 7 | O24: =VLOOKUP(N24,$A$162:$B$172,2,FALSE) -> ASH-SHAIKH FAYZEEN | P24: =VLOOKUP(N24,$A$162:$C$172,3,FALSE) -> 0775020033 / 0761792209 | R24: SHAREE'AH | S24: KALUTARA | T24: 90/5A, GONAYARAMBA, BOGALLA, BERUWELA. | U24: 0725615702 / 0725615722
A25: 430 | B25: MUKRIM ZUHAIR | E25: 430 | F25: M.Z.M.MUKRIM | G25: MUHAMMAD ZUHAIR MUHAMMAD MUKRIM | H25: 39833 | I25: =DATEDIF(H25, TODAY(), "Y") & " Y " & DATEDIF(H25, TODAY(), "YM") & " M" -> 17 Y 0 M | L25: YES | N25: 3 | O25: =VLOOKUP(N25,$A$162:$B$172,2,FALSE) -> ASH-SHAIKH IHTHISHAM | P25: =VLOOKUP(N25,$A$162:$C$172,3,FALSE) -> 0770836023 / 0783027491 | R25: SHAREE'AH | S25: KALUTARA | T25: 423/09, GALLE ROAD, KALUTHARA SOUTH. | U25: 771402747
A26: 431 | B26: ALI FARSHAN | E26: 431 | F26: M.F.MUHAMMAD ALI | G26: MUHAMMAD FARSAN MUHAMMAD ALI | H26: 40119 | I26: =DATEDIF(H26, TODAY(), "Y") & " Y " & DATEDIF(H26, TODAY(), "YM") & " M" -> 16 Y 3 M | J26: 200630701248 | L26: YES | N26: 3 | O26: =VLOOKUP(N26,$A$162:$B$172,2,FALSE) -> ASH-SHAIKH IHTHISHAM | P26: =VLOOKUP(N26,$A$162:$C$172,3,FALSE) -> 0770836023 / 0783027491 | R26: SHAREE'AH | S26: KALUTARA | T26: 26, SRI SHANDARMA WAMSHA MAWATTHA, KALUTHARA SOUTH. | U26: 771638348
A27: 433 | B27: USMAN FAZAL | E27: 433 | F27: M.F.M.USMAN | G27: MUHAMMAD FASAL MUHAMMAD USMAN | H27: 39760 | I27: =DATEDIF(H27, TODAY(), "Y") & " Y " & DATEDIF(H27, TODAY(), "YM") & " M" -> 17 Y 2 M | J27: 200831301360 | L27: YES | N27: 3 | O27: =VLOOKUP(N27,$A$162:$B$172,2,FALSE) -> ASH-SHAIKH IHTHISHAM | P27: =VLOOKUP(N27,$A$162:$C$172,3,FALSE) -> 0770836023 / 0783027491 | R27: SHAREE'AH | S27: KALUTARA | T27: 26/12A, MOOR STREET, KALUTHARA SOUTH. | U27: 774898376
A28: 437 | B28: ABDUR RAHMAN NIZAR | E28: 437 | F28: M.N.ABDUR RAHMAN | G28: MUHAMMAD NISAR ABDUR RAHMAN | H28: 39516 | I28: =DATEDIF(H28, TODAY(), "Y") & " Y " & DATEDIF(H28, TODAY(), "YM") & " M" -> 17 Y 10 M | L28: NO | M28: Death | N28: 3 | O28: =VLOOKUP(N28,$A$162:$B$172,2,FALSE) -> ASH-SHAIKH IHTHISHAM | P28: =VLOOKUP(N28,$A$162:$C$172,3,FALSE) -> 0770836023 / 0783027491 | R28: SHAREE'AH | S28: KALUTARA | T28: 68/3,KEERANTHITIYA RD, BOGALLA, BERUWALA. | U28: 770781870
A29: 441 | B29: ABDUR RAHMAN RAHMATHULLAH | E29: 441 | F29: M.R.ABDUR RAHMAN | G29: MUHAMMAD RAHMATHUULAH ABDUR RAHMAN | H29: 39256 | I29: =DATEDIF(H29, TODAY(), "Y") & " Y " & DATEDIF(H29, TODAY(), "YM") & " M" -> 18 Y 7 M | J29: 200717501681 | L29: YES | N29: 3 | O29: =VLOOKUP(N29,$A$162:$B$172,2,FALSE) -> ASH-SHAIKH IHTHISHAM | P29: =VLOOKUP(N29,$A$162:$C$172,3,FALSE) -> 0770836023 / 0783027491 | R29: SHAREE'AH | S29: KALUTARA | T29: NO:114/2, AL-MINHAJ LANE,WELIPPENA. | U29: 772084496
A30: 443 | B30: YOONUS MUMTHAZ | E30: 443 | F30: M.M.M.YOUNUS | G30: MUHAMMAD MUMTHAZ MUHAMMAD YOUNUS | H30: 39348 | I30: =DATEDIF(H30, TODAY(), "Y") & " Y " & DATEDIF(H30, TODAY(), "YM") & " M" -> 18 Y 4 M | J30: 200726703935 | L30: YES | N30: 3 | O30: =VLOOKUP(N30,$A$162:$B$172,2,FALSE) -> ASH-SHAIKH IHTHISHAM | P30: =VLOOKUP(N30,$A$162:$C$172,3,FALSE) -> 0770836023 / 0783027491 | R30: SHAREE'AH | S30: KALUTARA | T30: NO:121, NOOR MAHAL,THUNDUWA,HABURUGALA. | U30: 775939246
A31: 449 | B31: MUHAMMED YOUSUF RIYAZ | E31: 449 | F31: M.R.M.YOUSUF | G31: MUHAMMAD RIYAS MUHAMMAD YOUSUF | H31: 39472 | I31: =DATEDIF(H31, TODAY(), "Y") & " Y " & DATEDIF(H31, TODAY(), "YM") & " M" -> 18 Y 0 M | J31: 200802504674 | L31: YES | N31: 3 | O31: =VLOOKUP(N31,$A$162:$B$172,2,FALSE) -> ASH-SHAIKH IHTHISHAM | P31: =VLOOKUP(N31,$A$162:$C$172,3,FALSE) -> 0770836023 / 0783027491 | R31: SHAREE'AH | S31: KALUTARA | T31: A/21/2/211,MASJID ROAD,ABBALANDUWA, PANADURA. | U31: 756089311
A32: 451 | B32: ABDULLAH NIZAR | E32: 451 | F32: M.N.ABDULLAH | G32: MUHAMMAD NISAR ABDULLAH | H32: 39302 | I32: =DATEDIF(H32, TODAY(), "Y") & " Y " & DATEDIF(H32, TODAY(), "YM") & " M" -> 18 Y 5 M | J32: 200722105104 | L32: YES | N32: 3 | O32: =VLOOKUP(N32,$A$162:$B$172,2,FALSE) -> ASH-SHAIKH IHTHISHAM | P32: =VLOOKUP(N32,$A$162:$C$172,3,FALSE) -> 0770836023 / 0783027491 | R32: SHAREE'AH | S32: GAMPAHA | T32: 165/18, VEERATHANIYA WATHAA, PASYALA. | U32: 779662465
A33: 452 | B33: ABDULLAH JABIR ALI | E33: 452 | F33: J.A.ABDULLAH | G33: JABIR ALI ABDULLAH | H33: 39583 | I33: =DATEDIF(H33, TODAY(), "Y") & " Y " & DATEDIF(H33, TODAY(), "YM") & " M" -> 17 Y 8 M | J33: 200813603833 | L33: YES | N33: 3 | O33: =VLOOKUP(N33,$A$162:$B$172,2,FALSE) -> ASH-SHAIKH IHTHISHAM | P33: =VLOOKUP(N33,$A$162:$C$172,3,FALSE) -> 0770836023 / 0783027491 | R33: SHAREE'AH | S33: KALUTARA | T33: 42/28, A.D ALWIS PLACE, KALUTHARA SOUTH. | U33: 770454761
A34: 454 | B34: MUHAMED SAJATH HAMZA | E34: 454 | F34: M.H.M.SAJATH | G34: MUHAMMAD HAMZA MUHAMMAD SAJATH | H34: 39496 | I34: =DATEDIF(H34, TODAY(), "Y") & " Y " & DATEDIF(H34, TODAY(), "YM") & " M" -> 17 Y 11 M | L34: YES | N34: 3 | O34: =VLOOKUP(N34,$A$162:$B$172,2,FALSE) -> ASH-SHAIKH IHTHISHAM | P34: =VLOOKUP(N34,$A$162:$C$172,3,FALSE) -> 0770836023 / 0783027491 | R34: SHAREE'AH | S34: KALUTARA | T34: 64,WETHIMA RAJA PURA , MARADANA, BERUWALA. | U34: 756395948
A35: 455 | B35: ISHFAK IRFAN | E35: 455 | F35: M.I.ISHFAQ | G35: MUHAMMAD IRFAN ISHFAQ AHMADH | H35: 38597 | I35: =DATEDIF(H35, TODAY(), "Y") & " Y " & DATEDIF(H35, TODAY(), "YM") & " M" -> 20 Y 5 M | J35: 200524600862 | L35: YES | N35: 5 | O35: =VLOOKUP(N35,$A$162:$B$172,2,FALSE) -> ASH-SHAIKH HARSAN | P35: =VLOOKUP(N35,$A$162:$C$172,3,FALSE) -> 0774746493 / 0719150788 | R35: SHAREE'AH | S35: KALUTARA | T35: 72/3, MUSLIM STREET, TANGALLA. | U35: 771248524
A36: 458 | B36: AHMADH FAIZAL | E36: 458 | F36: M.F.AHMADH | G36: MUHAMMAD FAISAL AHMADH | H36: 38616 | I36: =DATEDIF(H36, TODAY(), "Y") & " Y " & DATEDIF(H36, TODAY(), "YM") & " M" -> 20 Y 4 M | J36: 200526504063 | L36: YES | N36: 5 | O36: =VLOOKUP(N36,$A$162:$B$172,2,FALSE) -> ASH-SHAIKH HARSAN | P36: =VLOOKUP(N36,$A$162:$C$172,3,FALSE) -> 0774746493 / 0719150788 | R36: SHAREE'AH | S36: KALUTARA | T36: 120,JAYA SUNDARA MW, KALUTARA SOUTH | U36: 759904501
A37: 459 | B37: IHLAS IRSHADH | E37: 459 | F37: IHLAS IRSHADH | G37: IRSHADH | H37: 40463 | I37: =DATEDIF(H37, TODAY(), "Y") & " Y " & DATEDIF(H37, TODAY(), "YM") & " M" -> 15 Y 3 M | L37: YES | N37: 1 | O37: =VLOOKUP(N37,$A$162:$B$172,2,FALSE) -> ASH-SHAIKH FAYZEEN | P37: =VLOOKUP(N37,$A$162:$C$172,3,FALSE) -> 0775020033 / 0761792209 | R37: SHAREE'AH | S37: KALUTARA | T37: 107,MARADANA, BERUWALA. | U37: 778535209 | AE37: 755881563 0740685959
A38: 461 | B38: AADHIL AMEEN | E38: 461 | F38: AADHIL AMEEN | G38: AMEEN | H38: 40938 | I38: =DATEDIF(H38, TODAY(), "Y") & " Y " & DATEDIF(H38, TODAY(), "YM") & " M" -> 14 Y 0 M | L38: YES | N38: 1 | O38: =VLOOKUP(N38,$A$162:$B$172,2,FALSE) -> ASH-SHAIKH FAYZEEN | P38: =VLOOKUP(N38,$A$162:$C$172,3,FALSE) -> 0775020033 / 0761792209 | R38: SHAREE'AH | S38: KALUTARA | T38: 26/16H, MOOR STREET, KALUTARA SOUTH. | U38: 752109278
A39: 462 | B39: ARKAM SHIFAN | E39: 462 | F39: ARKAM SHIFAN | G39: SHIFAN | H39: 40565 | I39: =DATEDIF(H39, TODAY(), "Y") & " Y " & DATEDIF(H39, TODAY(), "YM") & " M" -> 15 Y 0 M | L39: YES | N39: 2 | O39: =VLOOKUP(N39,$A$162:$B$172,2,FALSE) -> ASH-SHAIKH ILHAM | P39: =VLOOKUP(N39,$A$162:$C$172,3,FALSE) -> 0775771676 / 0754618392 | R39: SHAREE'AH | S39: KALUTARA | T39: 30/5A, KADIYA WATTA ROAD, DARGA TOWN. | U39: 770456458
A40: 467 | B40: MAHMOODH MUSHIR KHAN | E40: 467 | F40: M.MAHMOODH | G40: MUSHIR KHAN MUSHI KHAN | H40: 40033 | I40: =DATEDIF(H40, TODAY(), "Y") & " Y " & DATEDIF(H40, TODAY(), "YM") & " M" -> 16 Y 5 M | J40: 200922103493 | L40: YES | N40: 2 | O40: =VLOOKUP(N40,$A$162:$B$172,2,FALSE) -> ASH-SHAIKH ILHAM | P40: =VLOOKUP(N40,$A$162:$C$172,3,FALSE) -> 0775771676 / 0754618392 | R40: SHAREE'AH | S40: HAMPANTHOTA | T40: 30/5A, KADIYA WATTA ROAD, DARGA TOWN. | U40: 0717255136 / 0714096631
A41: 468 | B41: NAFLAN HASSAN | E41: 468 | F41: NAFLAN HASSAN | G41: HASSAN | H41: 39931 | I41: =DATEDIF(H41, TODAY(), "Y") & " Y " & DATEDIF(H41, TODAY(), "YM") & " M" -> 16 Y 9 M | L41: YES | N41: 1 | O41: =VLOOKUP(N41,$A$162:$B$172,2,FALSE) -> ASH-SHAIKH FAYZEEN | P41: =VLOOKUP(N41,$A$162:$C$172,3,FALSE) -> 0775020033 / 0761792209 | R41: SHAREE'AH | S41: KALUTARA | T41: 12/1, KETHARAMA ROAD, KALUTARA SOUTH. | U41: 771352534
A42: 469 | B42: ABDUR RAZZAQ NASEER | E42: 469 | F42: ABDUR RAZZAQ NASEER | G42: NASEER | H42: 40101 | I42: =DATEDIF(H42, TODAY(), "Y") & " Y " & DATEDIF(H42, TODAY(), "YM") & " M" -> 16 Y 3 M | L42: NO | M42: Death | N42: 1 | O42: =VLOOKUP(N42,$A$162:$B$172,2,FALSE) -> ASH-SHAIKH FAYZEEN | P42: =VLOOKUP(N42,$A$162:$C$172,3,FALSE) -> 0775020033 / 0761792209 | R42: SHAREE'AH | S42: KALUTARA | T42: 12/1, KETHARAMA ROAD, KALUTARA SOUTH. | U42: 771352534
A43: 470 | B43: AMEER ALI FAIROOS | E43: 470 | F43: AMEER ALI FAIROOS | G43: FAIROOS | H43: 40149 | I43: =DATEDIF(H43, TODAY(), "Y") & " Y " & DATEDIF(H43, TODAY(), "YM") & " M" -> 16 Y 2 M | L43: NO | M43: Death | N43: 2 | O43: =VLOOKUP(N43,$A$162:$B$172,2,FALSE) -> ASH-SHAIKH ILHAM | P43: =VLOOKUP(N43,$A$162:$C$172,3,FALSE) -> 0775771676 / 0754618392 | R43: SHAREE'AH | S43: KALUTARA | T43: 12/1, KETHARAMA ROAD, KALUTARA SOUTH. | U43: 777983629
A44: 471 | B44: ABDUL KHALIQ FAHRAN | E44: 471 | F44: M.F.ABDUL KHALIQ | G44: MUHAMMED FAHRAN ABDUL KHALIQ | H44: 40436 | I44: =DATEDIF(H44, TODAY(), "Y") & " Y " & DATEDIF(H44, TODAY(), "YM") & " M" -> 15 Y 4 M | K44: 44573 | L44: YES | N44: H6 | O44: =VLOOKUP(N44,$A$162:$B$172,2,FALSE) -> #N/A | P44: =VLOOKUP(N44,$A$162:$C$172,3,FALSE) -> #N/A | R44: HIFZ | S44: KALUTARA | T44: 55/15,RASIK MARIKAR MW, BERUWALA. | U44: 715888005
A45: 472 | B45: SHAHEEDH AHMADH SAMEETH | E45: 472 | F45: S.SHAHEEDH AHMADH | G45: SAMEETH SHAHEEDH AHMADH | H45: 40005 | I45: =DATEDIF(H45, TODAY(), "Y") & " Y " & DATEDIF(H45, TODAY(), "YM") & " M" -> 16 Y 6 M | L45: YES | N45: 1 | O45: =VLOOKUP(N45,$A$162:$B$172,2,FALSE) -> ASH-SHAIKH FAYZEEN | P45: =VLOOKUP(N45,$A$162:$C$172,3,FALSE) -> 0775020033 / 0761792209 | R45: SHAREE'AH | S45: KALUTARA | U45: 770430884
A46: 475 | B46: AASIF RIFHAN | E46: 475 | F46: M.R.AASIF | G46: MUHAMMED RIFKAN AASIF | H46: 40818 | I46: =DATEDIF(H46, TODAY(), "Y") & " Y " & DATEDIF(H46, TODAY(), "YM") & " M" -> 14 Y 4 M | K46: 44619 | L46: YES | N46: H1 | O46: =VLOOKUP(N46,$A$162:$B$172,2,FALSE) -> #N/A | P46: =VLOOKUP(N46,$A$162:$C$172,3,FALSE) -> #N/A | R46: HIFZ
A47: 477 | B47: IMADH ISMATH | E47: 477 | F47: IMADH ISMATH | G47: ISMATH | H47: 40483 | I47: =DATEDIF(H47, TODAY(), "Y") & " Y " & DATEDIF(H47, TODAY(), "YM") & " M" -> 15 Y 3 M | L47: NO | M47: Divorce | N47: 1 | O47: =VLOOKUP(N47,$A$162:$B$172,2,FALSE) -> ASH-SHAIKH FAYZEEN | P47: =VLOOKUP(N47,$A$162:$C$172,3,FALSE) -> 0775020033 / 0761792209 | R47: SHAREE'AH | S47: KALUTARA | T47: 79/91,NADUKKARA WATTA, AMBEPITIYA, BERUWALA. | U47: 772828632
A48: 479 | B48: YOUSUF RILWAN | E48: 479 | F48: YOUSUF RILWAN | G48: RILWAN | H48: 40700 | I48: =DATEDIF(H48, TODAY(), "Y") & " Y " & DATEDIF(H48, TODAY(), "YM") & " M" -> 14 Y 7 M | L48: YES | N48: 1 | O48: =VLOOKUP(N48,$A$162:$B$172,2,FALSE) -> ASH-SHAIKH FAYZEEN | P48: =VLOOKUP(N48,$A$162:$C$172,3,FALSE) -> 0775020033 / 0761792209 | R48: SHAREE'AH | S48: KALUTARA | T48: 56, MOSQUE ROAD, PALANDHA, AGULAWATTHA. | U48: 0715975212 / 0774693164
A49: 480 | B49: AADHIL SAFRAS | E49: 480 | F49: AADHIL SAFRAS | G49: SAFRAS | H49: 40471 | I49: =DATEDIF(H49, TODAY(), "Y") & " Y " & DATEDIF(H49, TODAY(), "YM") & " M" -> 15 Y 3 M | K49: 44573 | L49: YES | N49: H2 | O49: =VLOOKUP(N49,$A$162:$B$172,2,FALSE) -> #N/A | P49: =VLOOKUP(N49,$A$162:$C$172,3,FALSE) -> #N/A | R49: HIFZ | S49: KALUTARA | T49: 136/5, ABDUL MUYEEN MAWATHA, MALIGAHENA. | U49: 0762711571 / 0760129841
A50: 481 | B50: BILAL FASLAN | E50: 481 | F50: BILAL FASLAN | G50: FASLAN | H50: 40817 | I50: =DATEDIF(H50, TODAY(), "Y") & " Y " & DATEDIF(H50, TODAY(), "YM") & " M" -> 14 Y 4 M | K50: 44710 | L50: YES | N50: H2 | O50: =VLOOKUP(N50,$A$162:$B$172,2,FALSE) -> #N/A | P50: =VLOOKUP(N50,$A$162:$C$172,3,FALSE) -> #N/A | R50: HIFZ | S50: KALUTARA | T50: 222/49A, ABDUL MUYEENS MAWATHA, OLD ROAD, BERUWALA. | U50: 774303166
A51: 482 | B51: SAJEER SAFRAS | E51: 482 | F51: SAJEER SAFRAS | G51: SAFRAS | H51: 41089 | I51: =DATEDIF(H51, TODAY(), "Y") & " Y " & DATEDIF(H51, TODAY(), "YM") & " M" -> 13 Y 7 M | K51: 44710 | L51: YES | N51: H2 | O51: =VLOOKUP(N51,$A$162:$B$172,2,FALSE) -> #N/A | P51: =VLOOKUP(N51,$A$162:$C$172,3,FALSE) -> #N/A | R51: HIFZ | S51: KALUTARA | T51: 80, WETTIMA RAJA PURA, MARADANA, BERUWALA. | U51: 0759357264 / 0770761884
A52: 483 | B52: LUKMAN AROOS | E52: 483 | F52: M.A.M.LUKMAN | G52: MUHAMMAD AROOS MUHAMMAD LUKMAN | H52: 40210 | I52: =DATEDIF(H52, TODAY(), "Y") & " Y " & DATEDIF(H52, TODAY(), "YM") & " M" -> 16 Y 0 M | J52: 201003200911 | K52: 44710 | L52: YES | N52: H6 | O52: =VLOOKUP(N52,$A$162:$B$172,2,FALSE) -> #N/A | P52: =VLOOKUP(N52,$A$162:$C$172,3,FALSE) -> #N/A | R52: HIFZ | S52: KALUTARA | T52: 13, MUSLIM ROAD, WELIPPANNA. | U52: 775332539
A53: 484 | B53: RIHAN RIFDHI | E53: 484 | F53: RIHAN RIFDHI | G53: RIFHDHI | H53: 40389 | I53: =DATEDIF(H53, TODAY(), "Y") & " Y " & DATEDIF(H53, TODAY(), "YM") & " M" -> 15 Y 6 M | K53: 44710 | L53: YES | N53: H6 | O53: =VLOOKUP(N53,$A$162:$B$172,2,FALSE) -> #N/A | P53: =VLOOKUP(N53,$A$162:$C$172,3,FALSE) -> #N/A | R53: HIFZ | S53: KALUTARA | T53: 15/18A, MADAKISSA RD, HORETHUDUWE, KESALWATTA. | U53: 773708755 / 768668755
A54: 488 | B54: RAQEEB RIZA | E54: 488 | F54: RAQEEB RIZA | G54: RIZA | H54: 40852 | I54: =DATEDIF(H54, TODAY(), "Y") & " Y " & DATEDIF(H54, TODAY(), "YM") & " M" -> 14 Y 3 M | K54: 04.01.2023 | L54: YES | N54: H6 | O54: =VLOOKUP(N54,$A$162:$B$172,2,FALSE) -> #N/A | P54: =VLOOKUP(N54,$A$162:$C$172,3,FALSE) -> #N/A | R54: HIFZ | S54: KALUTARA | T54: 29/SC, MIHIDU MW, WERAWATTA, PANADURA, | U54: 766906640
A55: 491 | B55: ABDULLAH AZEEZUR RAHMAN | E55: 491 | F55: ABDULLAH AZEEZUR RAHMAN | G55: AZEERUR RAHMAN | H55: 40203 | I55: =DATEDIF(H55, TODAY(), "Y") & " Y " & DATEDIF(H55, TODAY(), "YM") & " M" -> 16 Y 0 M | J55: 201002503238 | K55: 04.01.2023 | L55: YES | N55: H1 | O55: =VLOOKUP(N55,$A$162:$B$172,2,FALSE) -> #N/A | P55: =VLOOKUP(N55,$A$162:$C$172,3,FALSE) -> #N/A | R55: HIFZ | S55: KALUTARA | T55: 142, AMBALANDUWA, PANADURA. | U55: 750707297
A56: 493 | B56: MUHAMMAD ALI HUSAIN | E56: 493 | F56: M.H.M. MUHAMMAD ALI | G56: MUHAMMAD HUSAIN MUHAMMAD ALI | H56: 40124 | I56: =DATEDIF(H56, TODAY(), "Y") & " Y " & DATEDIF(H56, TODAY(), "YM") & " M" -> 16 Y 2 M | J56: 200931201258 | K56: 04.01.2023 | L56: YES | N56: 4 | O56: =VLOOKUP(N56,$A$162:$B$172,2,FALSE) -> ASH-SHAIKH MUNTHASIR | P56: =VLOOKUP(N56,$A$162:$C$172,3,FALSE) -> 0762663436 / 0755050300 | R56: SHAREE'AH | S56: KALUTARA | T56: 80, WETTIMA RAJA PURA, MARADANA, BERUWALA. | U56: 772929235
A57: 494 | B57: YOONUS NASEER | E57: 494 | F57: M.N.M. YOUNUS | G57: MUHAMMAD NASEER MUHAMMAD YOUNUS | H57: 39570 | I57: =DATEDIF(H57, TODAY(), "Y") & " Y " & DATEDIF(H57, TODAY(), "YM") & " M" -> 17 Y 9 M | J57: 200812305630 | K57: 04.01.2023 | L57: NO | M57: Foreign | N57: 4 | O57: =VLOOKUP(N57,$A$162:$B$172,2,FALSE) -> ASH-SHAIKH MUNTHASIR | P57: =VLOOKUP(N57,$A$162:$C$172,3,FALSE) -> 0762663436 / 0755050300 | R57: SHAREE'AH | S57: KALUTARA | T57: 25,ZAVIA ROAD, MAHAGODA, BERUWALA. | U57: 768005842
A58: 500 | B58: MAHMOODH SABRI | E58: 500 | F58: M.S.MAHMOODH | G58: MUHAMMAD SABRY MAHMOODH | H58: 39849 | I58: =DATEDIF(H58, TODAY(), "Y") & " Y " & DATEDIF(H58, TODAY(), "YM") & " M" -> 17 Y 0 M | J58: 200903602467 | K58: 04.01.2023 | L58: YES | N58: 4 | O58: =VLOOKUP(N58,$A$162:$B$172,2,FALSE) -> ASH-SHAIKH MUNTHASIR | P58: =VLOOKUP(N58,$A$162:$C$172,3,FALSE) -> 0762663436 / 0755050300 | R58: SHAREE'AH | S58: KALUTARA | T58: 181, HILL STREET, KALUTARA SOUTH. | U58: 763746327
A59: 501 | B59: HAMIDH SABRI | E59: 501 | F59: M.S.HAMIDH | G59: MUHAMMAD SABRY HAMIDH | H59: 40954 | I59: =DATEDIF(H59, TODAY(), "Y") & " Y " & DATEDIF(H59, TODAY(), "YM") & " M" -> 13 Y 11 M | K59: 04.01.2023 | L59: YES | N59: H2 | O59: =VLOOKUP(N59,$A$162:$B$172,2,FALSE) -> #N/A | P59: =VLOOKUP(N59,$A$162:$C$172,3,FALSE) -> #N/A | R59: HIFZ | S59: KALUTARA | T59: 181, HILL STREET, KALUTARA SOUTH. | U59: 763746327
A60: 503 | B60: AFEEF SIRAJ | E60: 503 | F60: M.S.AFEEF | G60: MUHAMMAD SIRAJ AFEEF | H60: 41020 | I60: =DATEDIF(H60, TODAY(), "Y") & " Y " & DATEDIF(H60, TODAY(), "YM") & " M" -> 13 Y 9 M | L60: NO | M60: Foreign | N60: 1 | O60: =VLOOKUP(N60,$A$162:$B$172,2,FALSE) -> ASH-SHAIKH FAYZEEN | P60: =VLOOKUP(N60,$A$162:$C$172,3,FALSE) -> 0775020033 / 0761792209 | R60: SHAREE'AH | S60: KALUTARA | T60: 56/A, INDURLIGODA, | U60: 752145490
A61: 506 | B61: ABDUL BASITH FARIS | E61: 506 | F61: M.F.ABDUL BASITH | G61: MUHAMMAD FARIS ABDUL BASITH | H61: 40159 | I61: =DATEDIF(H61, TODAY(), "Y") & " Y " & DATEDIF(H61, TODAY(), "YM") & " M" -> 16 Y 1 M | J61: 200934700970 | K61: 14.01.2023 | L61: YES | N61: 4 | O61: =VLOOKUP(N61,$A$162:$B$172,2,FALSE) -> ASH-SHAIKH MUNTHASIR | P61: =VLOOKUP(N61,$A$162:$C$172,3,FALSE) -> 0762663436 / 0755050300 | R61: SHAREE'AH | S61: KALUTARA | T61: 95/C, GORAKADUWA, MARADANA, BERUWALA. | U61: 776156536
A62: 507 | B62: ABDUL BASITH ASSAFF | E62: 507 | F62: ABDUL BASITH ASSAFF | G62: AHAMAD ASSAFF | H62: 39585 | I62: =DATEDIF(H62, TODAY(), "Y") & " Y " & DATEDIF(H62, TODAY(), "YM") & " M" -> 17 Y 8 M | L62: YES | N62: 2 | O62: =VLOOKUP(N62,$A$162:$B$172,2,FALSE) -> ASH-SHAIKH ILHAM | P62: =VLOOKUP(N62,$A$162:$C$172,3,FALSE) -> 0775771676 / 0754618392 | R62: SHAREE'AH | S62: KALUTARA | T62: 215/1, MARADANA. BERUWALA. | U62: 773490474
A63: 509 | B63: AATHIF SAFRAN | E63: 509 | F63: M.S.AATHIF | G63: MUHAMMAD SAFRAN | H63: 39922 | I63: =DATEDIF(H63, TODAY(), "Y") & " Y " & DATEDIF(H63, TODAY(), "YM") & " M" -> 16 Y 9 M | L63: YES | N63: 3 | O63: =VLOOKUP(N63,$A$162:$B$172,2,FALSE) -> ASH-SHAIKH IHTHISHAM | P63: =VLOOKUP(N63,$A$162:$C$172,3,FALSE) -> 0770836023 / 0783027491 | R63: SHAREE'AH | S63: KALUTARA | T63: 31/5F, JONE ROAD, KALUTARA SOUTH. | U63: 755881563 / 0740685959 | V63: 39922 | X63: =TRUNC(YEARFRAC(V63,TODAY(),1)) -> 16 | Y63: =IF(X63>"15","PASS","NO") -> NO | AA63: KALUTARA | AB63: SHAREEA
A64: 510 | B64: NIHMATHULLAH IMRAN | E64: 510 | F64: M.I.M.NIHMATHULLAH | G64: MUHAMMAD IMRAN MUHAMMAD NIHMATHULLAH | H64: 40025 | I64: =DATEDIF(H64, TODAY(), "Y") & " Y " & DATEDIF(H64, TODAY(), "YM") & " M" -> 16 Y 6 M | J64: 200921301578 | K64: 25.01.2023 | L64: YES | N64: 4 | O64: =VLOOKUP(N64,$A$162:$B$172,2,FALSE) -> ASH-SHAIKH MUNTHASIR | P64: =VLOOKUP(N64,$A$162:$C$172,3,FALSE) -> 0762663436 / 0755050300 | R64: SHAREE'AH | S64: KALUTARA | T64: 30/1A, MOLLIYA MALA, BERUWALA. | U64: 773615802
A65: 514 | B65: RIMAS AMAN | E65: 514 | F65: M.A.M.RIMAS | G65: MUHAMMAD AMAN MUHAMMAD RIMAS | H65: 39467 | I65: =DATEDIF(H65, TODAY(), "Y") & " Y " & DATEDIF(H65, TODAY(), "YM") & " M" -> 18 Y 0 M | J65: 200802000876 | K65: 13.02.2023 | L65: YES | N65: 4 | O65: =VLOOKUP(N65,$A$162:$B$172,2,FALSE) -> ASH-SHAIKH MUNTHASIR | P65: =VLOOKUP(N65,$A$162:$C$172,3,FALSE) -> 0762663436 / 0755050300 | R65: SHAREE'AH | S65: KALUTARA | T65: 37/30, HANAFI MW, MARADANA, BERUWALA. | U65: 760653596
A66: 515 | B66: M.R.M. YOOSUF | E66: 515 | F66: M.R.M. YOOSUF | G66: MUHAMMED RIFKAN MUHAMMED YOOSUF | H66: 41493 | I66: =DATEDIF(H66, TODAY(), "Y") & " Y " & DATEDIF(H66, TODAY(), "YM") & " M" -> 12 Y 5 M | K66: 07.01.2024 | L66: YES | N66: H4 | O66: =VLOOKUP(N66,$A$162:$B$172,2,FALSE) -> #N/A | P66: =VLOOKUP(N66,$A$162:$C$172,3,FALSE) -> #N/A | R66: HIFZ | S66: KALUTHARA | T66: 74/5 A, NEW KANGANANGODA CHINA FORT, BERUWALA | U66: 767694942
A67: 516 | B67: M.A. AMMAR ALI | E67: 516 | F67: M.A. AMMAR ALI | G67: MUHAMMED ATHEEQ AMMAR ALI | H67: 40906 | I67: =DATEDIF(H67, TODAY(), "Y") & " Y " & DATEDIF(H67, TODAY(), "YM") & " M" -> 14 Y 1 M | K67: 07.01.2024 | L67: YES | N67: H3 | O67: =VLOOKUP(N67,$A$162:$B$172,2,FALSE) -> #N/A | P67: =VLOOKUP(N67,$A$162:$C$172,3,FALSE) -> #N/A | R67: HIFZ | S67: KALUTHARA | T67: 75/A HENA ROAD, MARAKKALA WATTHA, BERUWALA | U67: 0776195516 / 0770569292
A68: 518 | B68: M.M. ABDUR RAHMAN | E68: 518 | F68: M.M.ABDUR RAHMAN | G68: MUHAMMAD MANSOOR ABDUR RAHMAN | H68: 40403 | I68: =DATEDIF(H68, TODAY(), "Y") & " Y " & DATEDIF(H68, TODAY(), "YM") & " M" -> 15 Y 5 M | L68: YES | N68: 3 | O68: =VLOOKUP(N68,$A$162:$B$172,2,FALSE) -> ASH-SHAIKH IHTHISHAM | P68: =VLOOKUP(N68,$A$162:$C$172,3,FALSE) -> 0770836023 / 0783027491 | R68: SHAREE'AH | S68: KALUTHARA | T68: 1/A 33/5, POLWATTHA, AMBEPITIYA, BERUWALA | U68: 764979616
A69: 519 | B69: M.K.M. UMAR | E69: 519 | F69: M.K.M. UMAR | G69: MUHAMMED KABEER MUHAMMED UMAR | H69: 41537 | I69: =DATEDIF(H69, TODAY(), "Y") & " Y " & DATEDIF(H69, TODAY(), "YM") & " M" -> 12 Y 4 M | K69: 07.01.2024 | L69: YES | N69: H4 | O69: =VLOOKUP(N69,$A$162:$B$172,2,FALSE) -> #N/A | P69: =VLOOKUP(N69,$A$162:$C$172,3,FALSE) -> #N/A | R69: HIFZ | S69: KALUTHARA | T69: 214/D, BAKKARY ROAD, AMBALANDHUWA, PANADURA | U69: 0772055764 / 0772090657
A70: 520 | B70: M.K.M. KAMAR | E70: 520 | F70: M.K.M. KAMAR | G70: MUHAMMED KABEER MUHAMMED KAMAR | H70: 40732 | I70: =DATEDIF(H70, TODAY(), "Y") & " Y " & DATEDIF(H70, TODAY(), "YM") & " M" -> 14 Y 6 M | K70: 07.01.2024 | L70: YES | N70: H3 | O70: =VLOOKUP(N70,$A$162:$B$172,2,FALSE) -> #N/A | P70: =VLOOKUP(N70,$A$162:$C$172,3,FALSE) -> #N/A | R70: HIFZ | S70: KALUTHARA | T70: 214/D, BAKKARY ROAD, AMBALANDHUWA, PANADURA | U70: 0772055764 / 0772090657
A71: 521 | B71: M.R.ABDUL HALIQ | E71: 521 | F71: M.R.ABDUL HALIQ | G71: MUHAMMED RIFAS ABDUL HALIQ | H71: 41456 | I71: =DATEDIF(H71, TODAY(), "Y") & " Y " & DATEDIF(H71, TODAY(), "YM") & " M" -> 12 Y 7 M | K71: 07.01.2024 | L71: YES | N71: H4 | O71: =VLOOKUP(N71,$A$162:$B$172,2,FALSE) -> #N/A | P71: =VLOOKUP(N71,$A$162:$C$172,3,FALSE) -> #N/A | R71: HIFZ | S71: KALUTHARA | T71: 74, MARIKKAR ROAD, KALUTHARA SOUTH | U71: 0779536353 / 0773689885
A72: 522 | B72: M.R.M. ARKAM | E72: 522 | F72: M.R.M. ARKAM | G72: MUHAMMED RISAN MUHAMMED ARKAM | H72: 41816 | I72: =DATEDIF(H72, TODAY(), "Y") & " Y " & DATEDIF(H72, TODAY(), "YM") & " M" -> 11 Y 7 M | K72: 07.01.2024 | L72: YES | N72: H3 | O72: =VLOOKUP(N72,$A$162:$B$172,2,FALSE) -> #N/A | P72: =VLOOKUP(N72,$A$162:$C$172,3,FALSE) -> #N/A | R72: HIFZ | S72: KALUTHARA | T72: 222/48 C, ABDUL MUEEZ MAWATTHA, OLD ROAD,MARDANA BERUWALA | U72: 0777492260 / 0750165011
A73: 523 | B73: M.H. USAMA | E73: 523 | F73: M.H. USAMA | G73: MUHAMMED HUSSAIN USAMA | H73: 41443 | I73: =DATEDIF(H73, TODAY(), "Y") & " Y " & DATEDIF(H73, TODAY(), "YM") & " M" -> 12 Y 7 M | K73: 07.01.2024 | L73: YES | N73: H4 | O73: =VLOOKUP(N73,$A$162:$B$172,2,FALSE) -> #N/A | P73: =VLOOKUP(N73,$A$162:$C$172,3,FALSE) -> #N/A | R73: HIFZ | S73: KALUTHARA | T73: 80, WETTIMI RAJAPURA, MARDANA, BERUWALA | U73: 0772929235 / 0778191972
A74: 524 | B74: M.F. MAHMOODH | E74: 524 | F74: M.F. MAHMOODH | G74: MUAHMMED FAHMY MAHMOODH | H74: 40273 | I74: =DATEDIF(H74, TODAY(), "Y") & " Y " & DATEDIF(H74, TODAY(), "YM") & " M" -> 15 Y 10 M | K74: 07.01.2024 | L74: YES | N74: H4 | O74: =VLOOKUP(N74,$A$162:$B$172,2,FALSE) -> #N/A | P74: =VLOOKUP(N74,$A$162:$C$172,3,FALSE) -> #N/A | R74: HIFZ | S74: KALUTHARA | T74: 24, MARAKKALA WATTHA, BERUWALA | U74: 0779460601 / 0778763547
A75: 525 | B75: M.R.M. RAMALAN | E75: 525 | F75: M.R.M.RAMALAN | G75: MUHAMMAD RIMZAN MUHAMMAD RAMALAN | H75: 39298 | I75: =DATEDIF(H75, TODAY(), "Y") & " Y " & DATEDIF(H75, TODAY(), "YM") & " M" -> 18 Y 6 M | J75: 200721704963 | L75: YES | N75: 3 | O75: =VLOOKUP(N75,$A$162:$B$172,2,FALSE) -> ASH-SHAIKH IHTHISHAM | P75: =VLOOKUP(N75,$A$162:$C$172,3,FALSE) -> 0770836023 / 0783027491 | R75: SHAREE'AH | S75: KALUTHARA | T75: 366/A, NEW ROAD AKKARAMALA, MAGGONA | U75: 0771910104 / 0756619921
A76: 526 | B76: M.I. ABDULLAH | E76: 526 | F76: M.I.ABDULLAH | G76: MUHAMMAD ILFAN ABDULLAH | H76: 40198 | I76: =DATEDIF(H76, TODAY(), "Y") & " Y " & DATEDIF(H76, TODAY(), "YM") & " M" -> 16 Y 0 M | J76: 201002003621 | L76: YES | N76: 3 | O76: =VLOOKUP(N76,$A$162:$B$172,2,FALSE) -> ASH-SHAIKH IHTHISHAM | P76: =VLOOKUP(N76,$A$162:$C$172,3,FALSE) -> 0770836023 / 0783027491 | R76: SHAREE'AH | S76: KALUTHARA | T76: 73/6 DHARGA ROAD KUTTIMALA, CHINA FORT, BERUWALA | U76: 0774008535 / 0764343585
A77: 527 | B77: M.I. ZAKIR AHMADH | E77: 527 | F77: M.I.ZAKIR AHMEDH | G77: MUHAMMAD IRSAN ZAKIR AHMADH | H77: 40153 | I77: =DATEDIF(H77, TODAY(), "Y") & " Y " & DATEDIF(H77, TODAY(), "YM") & " M" -> 16 Y 1 M | L77: YES | N77: 3 | O77: =VLOOKUP(N77,$A$162:$B$172,2,FALSE) -> ASH-SHAIKH IHTHISHAM | P77: =VLOOKUP(N77,$A$162:$C$172,3,FALSE) -> 0770836023 / 0783027491 | R77: SHAREE'AH | S77: KALUTHARA | T77: 853/3 GOLD ROAD, KATUKURUNDA, KALUTHARA | U77: 0769772752 / 0773542205
A78: 530 | B78: M.M.M. MARWAN | E78: 530 | F78: M.M.M.MARWAN | G78: MUHAMMAD MIFRAZ MUHAMMAD MARWAN | H78: 39625 | I78: =DATEDIF(H78, TODAY(), "Y") & " Y " & DATEDIF(H78, TODAY(), "YM") & " M" -> 17 Y 7 M | J78: 200817701192 | L78: NO | M78: Divorce | N78: 3 | O78: =VLOOKUP(N78,$A$162:$B$172,2,FALSE) -> ASH-SHAIKH IHTHISHAM | P78: =VLOOKUP(N78,$A$162:$C$172,3,FALSE) -> 0770836023 / 0783027491 | R78: SHAREE'AH | S78: COLOMBO | T78: 102/25, DONALD PERARA MAWATTHA, KOHILAWATTHA | U78: 0760755266 / 0773415772
A79: 531 | B79: M.H.M. HAMDHAN | E79: 531 | F79: M.H.M. HAMDHAN | G79: MUHAMMED HARIS MUHAMMED HAMDHAN | H79: 41565 | I79: =DATEDIF(H79, TODAY(), "Y") & " Y " & DATEDIF(H79, TODAY(), "YM") & " M" -> 12 Y 3 M | K79: 07.01.2024 | L79: YES | N79: H3 | O79: =VLOOKUP(N79,$A$162:$B$172,2,FALSE) -> #N/A | P79: =VLOOKUP(N79,$A$162:$C$172,3,FALSE) -> #N/A | R79: HIFZ | S79: KALUTHARA | T79: 2/2 A, RAHMAN ROAD, THOTTAWATTHA, PANADURA | U79: 0752497496 / 0722151131
A80: 532 | B80: M.M. HAMDHAN | E80: 532 | F80: M.M. HAMDHAN | G80: MUHAMMED MUJEEB HAMDHAN | H80: 41298 | I80: =DATEDIF(H80, TODAY(), "Y") & " Y " & DATEDIF(H80, TODAY(), "YM") & " M" -> 13 Y 0 M | K80: 07.01.2024 | L80: YES | N80: H4 | O80: =VLOOKUP(N80,$A$162:$B$172,2,FALSE) -> #N/A | P80: =VLOOKUP(N80,$A$162:$C$172,3,FALSE) -> #N/A | R80: HIFZ | S80: KALUTHARA | T80: 67/10, PETRIC WATTHA, AMBALANDUWA, PANADURA | U80: 0756974428 / 0775528005
A81: 533 | B81: M.I. ABDUR RAZZAQ | E81: 533 | F81: M.I. ABDUR RAZZAQ | G81: MUHAMMED IKRAM ABDUR RAZZAQ | H81: 40578 | I81: =DATEDIF(H81, TODAY(), "Y") & " Y " & DATEDIF(H81, TODAY(), "YM") & " M" -> 15 Y 0 M | K81: 07.01.2024 | L81: YES | N81: H4 | O81: =VLOOKUP(N81,$A$162:$B$172,2,FALSE) -> #N/A | P81: =VLOOKUP(N81,$A$162:$C$172,3,FALSE) -> #N/A | R81: HIFZ | S81: KALUTHARA | T81: 53/1, MOST ROAD, THOTTAWATTHA, PANADURA | U81: 0771170550 / 0766834419
A82: 535 | B82: M.A. MUHAMMED | E82: 535 | F82: M.A. MUHAMMED | G82: MUHAMMED ASLAM MUHAMMED | H82: 40626 | I82: =DATEDIF(H82, TODAY(), "Y") & " Y " & DATEDIF(H82, TODAY(), "YM") & " M" -> 14 Y 10 M | K82: 07.01.2024 | L82: YES | N82: H4 | O82: =VLOOKUP(N82,$A$162:$B$172,2,FALSE) -> #N/A | P82: =VLOOKUP(N82,$A$162:$C$172,3,FALSE) -> #N/A | R82: HIFZ | S82: KALUTHARA | T82: 203 B, HENA ROAD, BERUWALA | U82: 770638956
A83: 536 | B83: M.A.M. ALTHAF | E83: 536 | F83: M.A.M. ALTHAF | G83: MUHAMMED ASLAM ALTHAF | H83: 40385 | I83: =DATEDIF(H83, TODAY(), "Y") & " Y " & DATEDIF(H83, TODAY(), "YM") & " M" -> 15 Y 6 M | K83: 07.01.2024 | L83: YES | N83: H4 | O83: =VLOOKUP(N83,$A$162:$B$172,2,FALSE) -> #N/A | P83: =VLOOKUP(N83,$A$162:$C$172,3,FALSE) -> #N/A | R83: HIFZ | S83: KALUTHARA | T83: 203 B, HENA ROAD, BERUWALA | U83: 770638956
A84: 538 | B84: S.S. SIRAJUR RAHMAN | E84: 538 | F84: S.S. SIRAJUR RAHMAN | G84: SHAIK SULAIMAN SIRAJUR RAHMAN | H84: 40485 | I84: =DATEDIF(H84, TODAY(), "Y") & " Y " & DATEDIF(H84, TODAY(), "YM") & " M" -> 15 Y 3 M | K84: 07.01.2024 | L84: YES | N84: H3 | O84: =VLOOKUP(N84,$A$162:$B$172,2,FALSE) -> #N/A | P84: =VLOOKUP(N84,$A$162:$C$172,3,FALSE) -> #N/A | R84: HIFZ | S84: KALUTHARA | T84: 37/18 A, AARIYAWANSA MAWATTHA, KANGANANGODA, BERUWALA | U84: 772274379 / 0779215683
A85: 539 | B85: M.F. YOOSUF | E85: 539 | F85: M.F. YOOSUF | G85: MUHAMMED FAIZAL YOOSUF | H85: 40514 | I85: =DATEDIF(H85, TODAY(), "Y") & " Y " & DATEDIF(H85, TODAY(), "YM") & " M" -> 15 Y 2 M | L85: YES | N85: 2 | O85: =VLOOKUP(N85,$A$162:$B$172,2,FALSE) -> ASH-SHAIKH ILHAM | P85: =VLOOKUP(N85,$A$162:$C$172,3,FALSE) -> 0775771676 / 0754618392 | R85: SHAREE'AH | S85: KALUTHARA | T85: 120, JEYA SUNDHARA MAWATTHA, KALUTHARA | U85: 768362209 / 0758261253 / 0772775377
A86: 544 | B86: M.N.M. NASHATH | E86: 544 | F86: M.N.M. NASHATH | G86: MUHAMMED NAFAS NASHATH | H86: 40595 | I86: =DATEDIF(H86, TODAY(), "Y") & " Y " & DATEDIF(H86, TODAY(), "YM") & " M" -> 14 Y 11 M | K86: 45474 | L86: YES | N86: H3 | O86: =VLOOKUP(N86,$A$162:$B$172,2,FALSE) -> #N/A | P86: =VLOOKUP(N86,$A$162:$C$172,3,FALSE) -> #N/A | R86: HIFZ | S86: #N/A | T86: 40/2, ATHUKALANAWA, SENAPURA, POLANNARUWA | U86: #N/A
A87: 546 | B87: M.I. YOOSUF AHMADH | E87: 546 | F87: M.I. YOOSUF AHMADH | G87: MUHAMMED IRSHADH YOOSUF AHMADH | H87: 41589 | I87: =DATEDIF(H87, TODAY(), "Y") & " Y " & DATEDIF(H87, TODAY(), "YM") & " M" -> 12 Y 2 M | K87: 07.01.2024 | L87: YES | N87: H3 | O87: =VLOOKUP(N87,$A$162:$B$172,2,FALSE) -> #N/A | P87: =VLOOKUP(N87,$A$162:$C$172,3,FALSE) -> #N/A | R87: HIFZ | S87: KALUTHARA | T87: 86/5 A, SAMAGIPURA, KANGANANPURA, BERUWALA | U87: 771105389
A88: 550 | B88: M.H.M. AADHIL | E88: 550 | F88: M.H.M. AADHIL | G88: MUHAMMED HAMZA MUHAMMED AADHIL | H88: 40532 | I88: =DATEDIF(H88, TODAY(), "Y") & " Y " & DATEDIF(H88, TODAY(), "YM") & " M" -> 15 Y 1 M | L88: NO | M88: Foreign | N88: 2 | O88: =VLOOKUP(N88,$A$162:$B$172,2,FALSE) -> ASH-SHAIKH ILHAM | P88: =VLOOKUP(N88,$A$162:$C$172,3,FALSE) -> 0775771676 / 0754618392 | R88: SHAREE'AH | S88: KALUTARA | T88: 20, RAZIK ROAD, THOTAWATTA, PANADURA. | U88: 0713097924 / 0773140235
A89: 552 | B89: M.F.M. UMAR | E89: 552 | F89: M.F.M.UMAR | G89: MUHAMMAD FAROOK MUHAMMAD UMAR | H89: 40077 | I89: =DATEDIF(H89, TODAY(), "Y") & " Y " & DATEDIF(H89, TODAY(), "YM") & " M" -> 16 Y 4 M | J89: 200923401602 | L89: YES | N89: 3 | O89: =VLOOKUP(N89,$A$162:$B$172,2,FALSE) -> ASH-SHAIKH IHTHISHAM | P89: =VLOOKUP(N89,$A$162:$C$172,3,FALSE) -> 0770836023 / 0783027491 | R89: SHAREE'AH | S89: KALUTARA | T89: 239, AMBALANDUWA, PANADURA. | U89: 774595259
A90: 553 | B90: M.N.M. ABDULLAH | E90: 553 | F90: M.N.ABDULLAH | G90: MUHAMMAD NASEER ABDULLAH | H90: 40913 | I90: =DATEDIF(H90, TODAY(), "Y") & " Y " & DATEDIF(H90, TODAY(), "YM") & " M" -> 14 Y 1 M | L90: YES | M90: Divorce | N90: 3 | O90: =VLOOKUP(N90,$A$162:$B$172,2,FALSE) -> ASH-SHAIKH IHTHISHAM | P90: =VLOOKUP(N90,$A$162:$C$172,3,FALSE) -> 0770836023 / 0783027491 | R90: SHAREE'AH | S90: KALUTARA | T90: 12/1, KETHARAMA ROAD, KALUTARA SOUTH. | U90: 0771352534 / 0753744717
A91: 555 | B91: M.F.M. THALHA | E91: 555 | F91: M.F.M. THALHA | G91: MUHAMMAD FAHMY MUHAMMED THALHA | H91: 41076 | I91: =DATEDIF(H91, TODAY(), "Y") & " Y " & DATEDIF(H91, TODAY(), "YM") & " M" -> 13 Y 7 M | K91: 19.08.2024 | L91: YES | N91: H3 | O91: =VLOOKUP(N91,$A$162:$B$172,2,FALSE) -> #N/A | P91: =VLOOKUP(N91,$A$162:$C$172,3,FALSE) -> #N/A | R91: HIFZ | S91: KALUTARA | T91: 25/1, S.M LANE , DARGA TOWN | U91: 077 84 26833
A92: 558 | B92: M.A.M.AATHIF | E92: 558 | F92: M.A.M.AATHIF | G92: MUHAMMED AZHAR MUHAMMED AATHIF | K92: 25/08/2024 | L92: YES | N92: H3 | O92: =VLOOKUP(N92,$A$162:$B$172,2,FALSE) -> #N/A | P92: =VLOOKUP(N92,$A$162:$C$172,3,FALSE) -> #N/A | R92: HIFZ | S92: KALUTARA | T92: 31/20, MARAKKALA WATTA, BERUWALA. | U92: 0
A93: 559 | B93: M.N.M.ABDULLAH | E93: 559 | F93: M.N.M.ABDULLAH | G93: MOHAMMED NAYEEM MUHAMMED ABDULLAH | H93: 40603 | I93: =DATEDIF(H93, TODAY(), "Y") & " Y " & DATEDIF(H93, TODAY(), "YM") & " M" -> 14 Y 11 M | K93: 45579 | L93: NO | M93: Death | N93: H6 | O93: =VLOOKUP(N93,$A$162:$B$172,2,FALSE) -> #N/A | P93: =VLOOKUP(N93,$A$162:$C$172,3,FALSE) -> #N/A | R93: HIFZ | S93: MATARA | T93: 26/7, AROOSIYA MAWATHA, NEW STREET, WELIGAMA. | U93: 0770666798 /
A94: 560 | B94: AKMAL ALIFULLAH | E94: 560 | F94: AKMAL ALIFULLAH | G94: AKMAL ALIFULLAH | H94: 40973 | I94: =DATEDIF(H94, TODAY(), "Y") & " Y " & DATEDIF(H94, TODAY(), "YM") & " M" -> 13 Y 11 M | K94: 45662 | L94: YES | N94: H5 | O94: =VLOOKUP(N94,$A$162:$B$172,2,FALSE) -> #N/A | P94: =VLOOKUP(N94,$A$162:$C$172,3,FALSE) -> #N/A | R94: HIFZ | S94: 0 | T94: =VLOOKUP(E94,#REF!,15,FALSE) -> #REF! | U94: 0
A95: 561 | B95: ISHAK IRSHADH | E95: 561 | F95: ISHAK IRSHADH | G95: ISHAK IRSHADH | H95: 41686 | I95: =DATEDIF(H95, TODAY(), "Y") & " Y " & DATEDIF(H95, TODAY(), "YM") & " M" -> 11 Y 11 M | K95: 45662 | L95: YES | N95: H5 | O95: =VLOOKUP(N95,$A$162:$B$172,2,FALSE) -> #N/A | P95: =VLOOKUP(N95,$A$162:$C$172,3,FALSE) -> #N/A | R95: HIFZ | S95: 0 | T95: =VLOOKUP(E95,#REF!,15,FALSE) -> #REF! | U95: 0
A96: 563 | B96: M. AABITH AMJATH | E96: 563 | F96: M. AABITH AMJATH | G96: MUHAMMED AABITH AMJATH | I96: =DATEDIF(H96, TODAY(), "Y") & " Y " & DATEDIF(H96, TODAY(), "YM") & " M" -> 126 Y 1 M | L96: YES | N96: 2 | O96: =VLOOKUP(N96,$A$162:$B$172,2,FALSE) -> ASH-SHAIKH ILHAM | P96: =VLOOKUP(N96,$A$162:$C$172,3,FALSE) -> 0775771676 / 0754618392 | R96: SHAREE'AH | S96: 0 | U96: 0
A97: 564 | B97: M.A. ISHAQ | E97: 564 | F97: M.A. ISHAQ | G97: MUHAMMED AROOS ISHAQ | H97: 40609 | I97: =DATEDIF(H97, TODAY(), "Y") & " Y " & DATEDIF(H97, TODAY(), "YM") & " M" -> 14 Y 10 M | K97: 45662 | L97: YES | N97: H2 | O97: =VLOOKUP(N97,$A$162:$B$172,2,FALSE) -> #N/A | P97: =VLOOKUP(N97,$A$162:$C$172,3,FALSE) -> #N/A | R97: HIFZ | S97: 0 | U97: 0
A98: 566 | B98: A.ASJATH AHMEDH | E98: 566 | F98: A.ASJATH AHMEDH | G98: ASJATH AHMEDH ATHEEK | H98: 41388 | I98: =DATEDIF(H98, TODAY(), "Y") & " Y " & DATEDIF(H98, TODAY(), "YM") & " M" -> 12 Y 9 M | K98: 45662 | L98: YES | N98: H1 | O98: =VLOOKUP(N98,$A$162:$B$172,2,FALSE) -> #N/A | P98: =VLOOKUP(N98,$A$162:$C$172,3,FALSE) -> #N/A | R98: HIFZ | S98: 0 | U98: 0
A99: 568 | B99: S.IBRAHEEM | E99: 568 | F99: S.IBRAHEEM | G99: SHIFAN IBRAHEEM | H99: 41572 | I99: =DATEDIF(H99, TODAY(), "Y") & " Y " & DATEDIF(H99, TODAY(), "YM") & " M" -> 12 Y 3 M | K99: 45662 | L99: NO | M99: Death | N99: H5 | O99: =VLOOKUP(N99,$A$162:$B$172,2,FALSE) -> #N/A | P99: =VLOOKUP(N99,$A$162:$C$172,3,FALSE) -> #N/A | R99: HIFZ | S99: 0 | T99: =VLOOKUP(E99,#REF!,15,FALSE) -> #REF! | U99: 0
A100: 570 | B100: W.AHMEDH | E100: 570 | F100: W.AHMEDH | G100: WASEEM AHMEDH | H100: 41443 | I100: =DATEDIF(H100, TODAY(), "Y") & " Y " & DATEDIF(H100, TODAY(), "YM") & " M" -> 12 Y 7 M | K100: 45662 | L100: YES | N100: H5 | O100: =G3=VLOOKUP(N100,$A$162:$B$172,2,FALSE) -> #N/A | P100: =VLOOKUP(N100,$A$162:$C$172,3,FALSE) -> #N/A | R100: HIFZ | S100: 0 | T100: =VLOOKUP(E100,#REF!,15,FALSE) -> #REF! | U100: 0
...

Sheet Sheet1
A1: Admision No | B1: Name with initial | C1: Full Name | D1: Date of Birth | E1: Age | F1: N.I.C Number | G1: Date of Admision | H1: Father 's Status Alive / Deceased | I1: Father | J1: Grade in madrasa | K1: Class Usthadh | L1: Class Usthadh Contact Number | M1: Grade in School | N1: Section | O1: Distric | P1: Address | Q1: Contact
A2: 243 | B2: A.L.M.AKMAL | C2: ABDUL LATHEEF MUHAMMAD AKMAL | D2: 36875 | E2: =DATEDIF(D2, TODAY(), "Y") & " Y " & DATEDIF(D2, TODAY(), "YM") & " M" -> 25 Y 1 M | F2: 200035003262 | H2: YES | J2: 7 | K2: =VLOOKUP(J2,$A$162:$B$179,2,FALSE) -> #N/A | L2: =VLOOKUP(J2,$A$162:$C$179,3,FALSE) -> #N/A | N2: SHAREE'AH | O2: KALUTARA | P2: 15/18A, MADAKISSA RD, HORETHUDUWE, KESALWATTA. | Q2: 0777705940 / 0755764243
A3: 248 | B3: M.I.M.ISHFAQ | C3: MUHAMMAD ILFAN MUHAMMAD ISHFAQ | D3: 37316 | E3: =DATEDIF(D3, TODAY(), "Y") & " Y " & DATEDIF(D3, TODAY(), "YM") & " M" -> 23 Y 11 M | F3: 200206103934 | H3: YES | J3: 7 | K3: =VLOOKUP(J3,$A$162:$B$179,2,FALSE) -> #N/A | L3: =VLOOKUP(J3,$A$162:$C$179,3,FALSE) -> #N/A | N3: SHAREE'AH | O3: KALUTARA | P3: 73/6,TSNAMI HOUSES, DHARGA RD, BERUWELA. | Q3: 0769455844 / 0774008535
A4: 250 | B4: M.A.M.FAISAL | C4: MUHAMMAD ASHRAF MUHAMMAD FAISAL | D4: 37702 | E4: =DATEDIF(D4, TODAY(), "Y") & " Y " & DATEDIF(D4, TODAY(), "YM") & " M" -> 22 Y 10 M | F4: 200308200369 | H4: NO | I4: Death | J4: 7 | K4: =VLOOKUP(J4,$A$162:$B$179,2,FALSE) -> #N/A | L4: =VLOOKUP(J4,$A$162:$C$179,3,FALSE) -> #N/A | N4: SHAREE'AH | O4: KALUTARA | P4: 148/40, KADHIYA WATTA RD, WELIPITIYA, DHARGA TOWN. | Q4: 0770333163 / 0778620559
A5: 325 | B5: M.R.ABDUR RAHMAN | C5: MUHAMMAD RIZWAN ABDUR RAHMAN | D5: 37891 | E5: =DATEDIF(D5, TODAY(), "Y") & " Y " & DATEDIF(D5, TODAY(), "YM") & " M" -> 22 Y 4 M | F5: 200327113163 | H5: YES | J5: 7 | K5: =VLOOKUP(J5,$A$162:$B$179,2,FALSE) -> #N/A | L5: =VLOOKUP(J5,$A$162:$C$179,3,FALSE) -> #N/A | N5: SHAREE'AH | O5: PUTTALAM | P5: HIJRA LANE, PUTHUKUDIERUPPU, BATTULU OYA. | Q5: 0717257977 / 0775856331
A6: 331 | B6: M.I.ABDULLAH | C6: MUHAMMAD IJAZ ABDULLAH | D6: 38586 | E6: =DATEDIF(D6, TODAY(), "Y") & " Y " & DATEDIF(D6, TODAY(), "YM") & " M" -> 20 Y 5 M | F6: 200522901050 | H6: YES | J6: 4 | K6: =VLOOKUP(J6,$A$162:$B$179,2,FALSE) -> #N/A | L6: =VLOOKUP(J6,$A$162:$C$179,3,FALSE) -> #N/A | N6: SHAREE'AH | O6: KALUTARA | P6: 20/7, S,M LANE, WELPITIYA, DARGA TOWN. | Q6: 0
A7: 341 | B7: M.M.AHMAD | C7: MMUHAMMAD MAFAIZ AHMAD | D7: 38528 | E7: =DATEDIF(D7, TODAY(), "Y") & " Y " & DATEDIF(D7, TODAY(), "YM") & " M" -> 20 Y 7 M | F7: 200517704065 | H7: YES | J7: 5 | K7: =VLOOKUP(J7,$A$162:$B$179,2,FALSE) -> #N/A | L7: =VLOOKUP(J7,$A$162:$C$179,3,FALSE) -> #N/A | N7: SHAREE'AH | O7: KALUTARA | P7: 41,THOTAWATHA, PANADURA. | Q7: 772696059
A8: 342 | B8: M.I.M. ILHAM | C8: MUHAMMAD IRFAN MUHAMMAD ILHAM | D8: 38519 | E8: =DATEDIF(D8, TODAY(), "Y") & " Y " & DATEDIF(D8, TODAY(), "YM") & " M" -> 20 Y 7 M | F8: 200516803973 | H8: YES | J8: 6 | K8: =VLOOKUP(J8,$A$162:$B$179,2,FALSE) -> #N/A | L8: =VLOOKUP(J8,$A$162:$C$179,3,FALSE) -> #N/A | N8: SHAREE'AH | O8: KALUTARA | P8: 68/4,MARIKAR STREETS, KALUTHARA SOUTH. | Q8: 757510962
A9: 345 | B9: M.S.M.AHSAN | C9: MUHAMMAD SHAKIR MUHAMMAD AHSAN | D9: 38162 | E9: =DATEDIF(D9, TODAY(), "Y") & " Y " & DATEDIF(D9, TODAY(), "YM") & " M" -> 21 Y 7 M | F9: 200417800580 | H9: YES | J9: 6 | K9: =VLOOKUP(J9,$A$162:$B$179,2,FALSE) -> #N/A | L9: =VLOOKUP(J9,$A$162:$C$179,3,FALSE) -> #N/A | N9: SHAREE'AH | O9: KALUTARA | P9: 387/1, IBRAHEEM HAJIAR MW, A,BAMUNU MULLA , ATULUGAMA , BANDARA GAMA. | Q9: 763433801
A10: 354 | B10: M.M. ABDULLAH | C10: MUHAMMAD MUNDHIR ABDULLAH | D10: 37944 | E10: =DATEDIF(D10, TODAY(), "Y") & " Y " & DATEDIF(D10, TODAY(), "YM") & " M" -> 22 Y 2 M | F10: 200332413390 | H10: YES | J10: 7 | K10: =VLOOKUP(J10,$A$162:$B$179,2,FALSE) -> #N/A | L10: =VLOOKUP(J10,$A$162:$C$179,3,FALSE) -> #N/A | N10: SHAREE'AH | O10: KALUTARA | P10: 16, ZAVIYA RD, MAHAGODA, BERUWELA. | Q10: 0768822240 / 0778119004
A11: 356 | B11: N.M.SHAFRAN | C11: NALEEM MUHAMMAD SAFRAN | D11: 37989 | E11: =DATEDIF(D11, TODAY(), "Y") & " Y " & DATEDIF(D11, TODAY(), "YM") & " M" -> 22 Y 1 M | F11: 200500504225 | H11: YES | J11: 5 | K11: =VLOOKUP(J11,$A$162:$B$179,2,FALSE) -> #N/A | L11: =VLOOKUP(J11,$A$162:$C$179,3,FALSE) -> #N/A | N11: SHAREE'AH | O11: TRINCOMALEE | P11: 104, KINNIYA, ANNA NAGAR. | Q11: 755093414
A12: 363 | B12: M.I.M. IKRAM | C12: MUHAMMAD IRFAN MUHAMMAD IKRAM | D12: 39056 | E12: =DATEDIF(D12, TODAY(), "Y") & " Y " & DATEDIF(D12, TODAY(), "YM") & " M" -> 19 Y 2 M | F12: 200634005227 | H12: YES | J12: 5 | K12: =VLOOKUP(J12,$A$162:$B$179,2,FALSE) -> #N/A | L12: =VLOOKUP(J12,$A$162:$C$179,3,FALSE) -> #N/A | N12: SHAREE'AH | O12: KALUTARA | P12: 68/4, MARIKAR STREETS, KALUTHARA SOUTH. | Q12: 757510962
A13: 371 | B13: J.A.ABDUR RAHMAN | C13: JABIR ALI ABDUR RAHAMN | D13: 38485 | E13: =DATEDIF(D13, TODAY(), "Y") & " Y " & DATEDIF(D13, TODAY(), "YM") & " M" -> 20 Y 8 M | F13: 200513404923 | H13: YES | J13: 5 | K13: =VLOOKUP(J13,$A$162:$B$179,2,FALSE) -> #N/A | L13: =VLOOKUP(J13,$A$162:$C$179,3,FALSE) -> #N/A | N13: SHAREE'AH | O13: KALUTARA | P13: 42/28, ALWIS PLACE, KALUTHARA SOUTH. | Q13: 758978987
A14: 381 | B14: M.S.UMAR | C14: MUHAMMAD SAIFULLAH UMAR | D14: 38629 | E14: =DATEDIF(D14, TODAY(), "Y") & " Y " & DATEDIF(D14, TODAY(), "YM") & " M" -> 20 Y 4 M | F14: 200527805087 | H14: YES | J14: 5 | K14: =VLOOKUP(J14,$A$162:$B$179,2,FALSE) -> #N/A | L14: =VLOOKUP(J14,$A$162:$C$179,3,FALSE) -> #N/A | N14: SHAREE'AH | O14: KALUTARA | P14: 103, HANAFI MAWATHA, MARADANA, BERUWELA. | Q14: 775205760
A15: 383 | B15: M.A.ABDUR RAHMAN | C15: MUHAMMAD ALIYAR ABDUR RAHMAN | D15: 38768 | E15: =DATEDIF(D15, TODAY(), "Y") & " Y " & DATEDIF(D15, TODAY(), "YM") & " M" -> 19 Y 11 M | F15: 200605100127 | H15: YES | J15: 6 | K15: =VLOOKUP(J15,$A$162:$B$179,2,FALSE) -> #N/A | L15: =VLOOKUP(J15,$A$162:$C$179,3,FALSE) -> #N/A | N15: SHAREE'AH | O15: KALUTARA | P15: 40/11A, LOTES ROAD, DHARGA TOWN. | Q15: 770646880
A16: 384 | B16: M.M.MUHAMMAD | C16: MUHAMMAD MUSHEER KHAN MUHAMMAD | D16: 38806 | E16: =DATEDIF(D16, TODAY(), "Y") & " Y " & DATEDIF(D16, TODAY(), "YM") & " M" -> 19 Y 10 M | F16: 200626301569 | H16: YES | J16: 5 | K16: =VLOOKUP(J16,$A$162:$B$179,2,FALSE) -> #N/A | L16: =VLOOKUP(J16,$A$162:$C$179,3,FALSE) -> #N/A | N16: SHAREE'AH | O16: HAMPANTHOTA | P16: J/19, SRI BO PURA, HAMBANTHOTA. | Q16: 754743743
A17: 404 | B17: M.M.M.AS'ADH | C17: MUHAMMAD MUSADHIK MUHAMMAD AS'ADH | D17: 39070 | E17: =DATEDIF(D17, TODAY(), "Y") & " Y " & DATEDIF(D17, TODAY(), "YM") & " M" -> 19 Y 1 M | F17: 200635404723 | H17: YES | J17: 5 | K17: =VLOOKUP(J17,$A$162:$B$179,2,FALSE) -> #N/A | L17: =VLOOKUP(J17,$A$162:$C$179,3,FALSE) -> #N/A | N17: SHAREE'AH | O17: KALUTARA | P17: 155/43, MARADANA RD, BERUWALA. | Q17: 764001178
A18: 408 | B18: M.W.M.HUSAIN | C18: MUHAMMAD WASEEM MUHAMMAD HUSAIN | D18: 39814 | E18: =DATEDIF(D18, TODAY(), "Y") & " Y " & DATEDIF(D18, TODAY(), "YM") & " M" -> 17 Y 1 M | F18: 200900102814 | H18: YES | J18: 4 | K18: =VLOOKUP(J18,$A$162:$B$179,2,FALSE) -> #N/A | L18: =VLOOKUP(J18,$A$162:$C$179,3,FALSE) -> #N/A | N18: SHAREE'AH | O18: KALUTARA | P18: 0 | Q18: 777434380
A19: 410 | B19: A.H.MUHAMMAD | C19: ASNAF HASAN MUHAMMAD | D19: 37364 | E19: =DATEDIF(D19, TODAY(), "Y") & " Y " & DATEDIF(D19, TODAY(), "YM") & " M" -> 23 Y 9 M | F19: 200210910466 | H19: YES | J19: 5 | K19: =VLOOKUP(J19,$A$162:$B$179,2,FALSE) -> #N/A | L19: =VLOOKUP(J19,$A$162:$C$179,3,FALSE) -> #N/A | N19: SHAREE'AH | O19: KALUTARA | P19: 6/3, MORE STREET, KALUTHARA SOUTH. | Q19: 0777520145 / 0758528229
A20: 413 | B20: M.A.M.YOOSUF | C20: MUHAMMAD AROOS MUHAMMAD YOOSUF | D20: 38744 | E20: =DATEDIF(D20, TODAY(), "Y") & " Y " & DATEDIF(D20, TODAY(), "YM") & " M" -> 20 Y 0 M | F20: 200602704679 | H20: YES | J20: 4 | K20: =VLOOKUP(J20,$A$162:$B$179,2,FALSE) -> #N/A | L20: =VLOOKUP(J20,$A$162:$C$179,3,FALSE) -> #N/A | N20: SHAREE'AH | O20: KALUTARA | P20: 14/B, MUSLIM RD, WELIPPANNA. | Q20: 775332539
A21: 420 | B21: M.I.M.FASRULLAH | C21: MUHAMMAD IQBAL MUHAMMAD FASRULLAH | D21: 39239 | E21: =DATEDIF(D21, TODAY(), "Y") & " Y " & DATEDIF(D21, TODAY(), "YM") & " M" -> 18 Y 7 M | F21: 200716502128 | H21: YES | J21: 3 | K21: =VLOOKUP(J21,$A$162:$B$179,2,FALSE) -> #N/A | L21: =VLOOKUP(J21,$A$162:$C$179,3,FALSE) -> #N/A | N21: SHAREE'AH | O21: KALUTARA | P21: 44/C, MAHA HINATHI YANGALA, KALUTHARA. | Q21: 756308746
A22: 426 | B22: M.S.M.YAHYA | C22: MUHAMMAD SINAN MUHAMMAD YAHYA | D22: 39491 | E22: =DATEDIF(D22, TODAY(), "Y") & " Y " & DATEDIF(D22, TODAY(), "YM") & " M" -> 17 Y 11 M | F22: 200804400842 | H22: YES | J22: 3 | K22: =VLOOKUP(J22,$A$162:$B$179,2,FALSE) -> #N/A | L22: =VLOOKUP(J22,$A$162:$C$179,3,FALSE) -> #N/A | N22: SHAREE'AH | O22: KALUTARA | P22: 56, MOSQUE ROAD, PALANDHA, AGULAWATTHA. | Q22: 775513799
A23: 429 | B23: M.R.M.RIKAS | C23: MUHAMMAD RIMSAN MUHAMMAD RIKAS | D23: 38811 | E23: =DATEDIF(D23, TODAY(), "Y") & " Y " & DATEDIF(D23, TODAY(), "YM") & " M" -> 19 Y 10 M | F23: 200509505560 | H23: NO | I23: Death | J23: 7 | K23: =VLOOKUP(J23,$A$162:$B$179,2,FALSE) -> #N/A | L23: =VLOOKUP(J23,$A$162:$C$179,3,FALSE) -> #N/A | N23: SHAREE'AH | O23: KALUTARA | P23: 90/5A, GONAYARAMBA, BOGALLA, BERUWELA. | Q23: 0725615702 / 0725615722
A24: 430 | B24: M.Z.M.MUKRIM | C24: MUHAMMAD ZUHAIR MUHAMMAD MUKRIM | D24: 39833 | E24: =DATEDIF(D24, TODAY(), "Y") & " Y " & DATEDIF(D24, TODAY(), "YM") & " M" -> 17 Y 0 M | H24: YES | J24: 3 | K24: =VLOOKUP(J24,$A$162:$B$179,2,FALSE) -> #N/A | L24: =VLOOKUP(J24,$A$162:$C$179,3,FALSE) -> #N/A | N24: SHAREE'AH | O24: KALUTARA | P24: 423/09, GALLE ROAD, KALUTHARA SOUTH. | Q24: 771402747
A25: 431 | B25: M.F.MUHAMMAD ALI | C25: MUHAMMAD FARSAN MUHAMMAD ALI | D25: 40119 | E25: =DATEDIF(D25, TODAY(), "Y") & " Y " & DATEDIF(D25, TODAY(), "YM") & " M" -> 16 Y 3 M | F25: 200630701248 | H25: YES | J25: 3 | K25: =VLOOKUP(J25,$A$162:$B$179,2,FALSE) -> #N/A | L25: =VLOOKUP(J25,$A$162:$C$179,3,FALSE) -> #N/A | N25: SHAREE'AH | O25: KALUTARA | P25: 26, SRI SHANDARMA WAMSHA MAWATTHA, KALUTHARA SOUTH. | Q25: 771638348
A26: 433 | B26: M.F.M.USMAN | C26: MUHAMMAD FASAL MUHAMMAD USMAN | D26: 39760 | E26: =DATEDIF(D26, TODAY(), "Y") & " Y " & DATEDIF(D26, TODAY(), "YM") & " M" -> 17 Y 2 M | F26: 200831301360 | H26: YES | J26: 3 | K26: =VLOOKUP(J26,$A$162:$B$179,2,FALSE) -> #N/A | L26: =VLOOKUP(J26,$A$162:$C$179,3,FALSE) -> #N/A | N26: SHAREE'AH | O26: KALUTARA | P26: 26/12A, MOOR STREET, KALUTHARA SOUTH. | Q26: 774898376
A27: 437 | B27: M.N.ABDUR RAHMAN | C27: MUHAMMAD NISAR ABDUR RAHMAN | D27: 39516 | E27: =DATEDIF(D27, TODAY(), "Y") & " Y " & DATEDIF(D27, TODAY(), "YM") & " M" -> 17 Y 10 M | H27: NO | I27: Death | J27: 3 | K27: =VLOOKUP(J27,$A$162:$B$179,2,FALSE) -> #N/A | L27: =VLOOKUP(J27,$A$162:$C$179,3,FALSE) -> #N/A | N27: SHAREE'AH | O27: KALUTARA | P27: 68/3,KEERANTHITIYA RD, BOGALLA, BERUWALA. | Q27: 770781870
A28: 441 | B28: M.R.ABDUR RAHMAN | C28: MUHAMMAD RAHMATHUULAH ABDUR RAHMAN | D28: 39256 | E28: =DATEDIF(D28, TODAY(), "Y") & " Y " & DATEDIF(D28, TODAY(), "YM") & " M" -> 18 Y 7 M | F28: 200717501681 | H28: YES | J28: 3 | K28: =VLOOKUP(J28,$A$162:$B$179,2,FALSE) -> #N/A | L28: =VLOOKUP(J28,$A$162:$C$179,3,FALSE) -> #N/A | N28: SHAREE'AH | O28: KALUTARA | P28: NO:114/2, AL-MINHAJ LANE,WELIPPENA. | Q28: 772084496
A29: 443 | B29: M.M.M.YOUNUS | C29: MUHAMMAD MUMTHAZ MUHAMMAD YOUNUS | D29: 39348 | E29: =DATEDIF(D29, TODAY(), "Y") & " Y " & DATEDIF(D29, TODAY(), "YM") & " M" -> 18 Y 4 M | F29: 200726703935 | H29: YES | J29: 3 | K29: =VLOOKUP(J29,$A$162:$B$179,2,FALSE) -> #N/A | L29: =VLOOKUP(J29,$A$162:$C$179,3,FALSE) -> #N/A | N29: SHAREE'AH | O29: KALUTARA | P29: NO:121, NOOR MAHAL,THUNDUWA,HABURUGALA. | Q29: 775939246
A30: 449 | B30: M.R.M.YOUSUF | C30: MUHAMMAD RIYAS MUHAMMAD YOUSUF | D30: 39472 | E30: =DATEDIF(D30, TODAY(), "Y") & " Y " & DATEDIF(D30, TODAY(), "YM") & " M" -> 18 Y 0 M | F30: 200802504674 | H30: YES | J30: 3 | K30: =VLOOKUP(J30,$A$162:$B$179,2,FALSE) -> #N/A | L30: =VLOOKUP(J30,$A$162:$C$179,3,FALSE) -> #N/A | N30: SHAREE'AH | O30: KALUTARA | P30: A/21/2/211,MASJID ROAD,ABBALANDUWA, PANADURA. | Q30: 756089311
A31: 451 | B31: M.N.ABDULLAH | C31: MUHAMMAD NISAR ABDULLAH | D31: 39302 | E31: =DATEDIF(D31, TODAY(), "Y") & " Y " & DATEDIF(D31, TODAY(), "YM") & " M" -> 18 Y 5 M | F31: 200722105104 | H31: YES | J31: 3 | K31: =VLOOKUP(J31,$A$162:$B$179,2,FALSE) -> #N/A | L31: =VLOOKUP(J31,$A$162:$C$179,3,FALSE) -> #N/A | N31: SHAREE'AH | O31: GAMPAHA | P31: 165/18, VEERATHANIYA WATHAA, PASYALA. | Q31: 779662465
A32: 452 | B32: J.A.ABDULLAH | C32: JABIR ALI ABDULLAH | D32: 39583 | E32: =DATEDIF(D32, TODAY(), "Y") & " Y " & DATEDIF(D32, TODAY(), "YM") & " M" -> 17 Y 8 M | F32: 200813603833 | H32: YES | J32: 3 | K32: =VLOOKUP(J32,$A$162:$B$179,2,FALSE) -> #N/A | L32: =VLOOKUP(J32,$A$162:$C$179,3,FALSE) -> #N/A | N32: SHAREE'AH | O32: KALUTARA | P32: 42/28, A.D ALWIS PLACE, KALUTHARA SOUTH. | Q32: 770454761
A33: 454 | B33: M.H.M.SAJATH | C33: MUHAMMAD HAMZA MUHAMMAD SAJATH | D33: 39496 | E33: =DATEDIF(D33, TODAY(), "Y") & " Y " & DATEDIF(D33, TODAY(), "YM") & " M" -> 17 Y 11 M | H33: YES | J33: 3 | K33: =VLOOKUP(J33,$A$162:$B$179,2,FALSE) -> #N/A | L33: =VLOOKUP(J33,$A$162:$C$179,3,FALSE) -> #N/A | N33: SHAREE'AH | O33: KALUTARA | P33: 64,WETHIMA RAJA PURA , MARADANA, BERUWALA. | Q33: 756395948
A34: 455 | B34: M.I.ISHFAQ | C34: MUHAMMAD IRFAN ISHFAQ AHMADH | D34: 38597 | E34: =DATEDIF(D34, TODAY(), "Y") & " Y " & DATEDIF(D34, TODAY(), "YM") & " M" -> 20 Y 5 M | F34: 200524600862 | H34: YES | J34: 5 | K34: =VLOOKUP(J34,$A$162:$B$179,2,FALSE) -> #N/A | L34: =VLOOKUP(J34,$A$162:$C$179,3,FALSE) -> #N/A | N34: SHAREE'AH | O34: KALUTARA | P34: 72/3, MUSLIM STREET, TANGALLA. | Q34: 771248524
A35: 458 | B35: M.F.AHMADH | C35: MUHAMMAD FAISAL AHMADH | D35: 38616 | E35: =DATEDIF(D35, TODAY(), "Y") & " Y " & DATEDIF(D35, TODAY(), "YM") & " M" -> 20 Y 4 M | F35: 200526504063 | H35: YES | J35: 5 | K35: =VLOOKUP(J35,$A$162:$B$179,2,FALSE) -> #N/A | L35: =VLOOKUP(J35,$A$162:$C$179,3,FALSE) -> #N/A | N35: SHAREE'AH | O35: KALUTARA | P35: 120,JAYA SUNDARA MW, KALUTARA SOUTH | Q35: 759904501
A36: 459 | B36: IHLAS IRSHADH | C36: IRSHADH | D36: 40463 | E36: =DATEDIF(D36, TODAY(), "Y") & " Y " & DATEDIF(D36, TODAY(), "YM") & " M" -> 15 Y 3 M | H36: YES | J36: 1 | K36: =VLOOKUP(J36,$A$162:$B$179,2,FALSE) -> #N/A | L36: =VLOOKUP(J36,$A$162:$C$179,3,FALSE) -> #N/A | N36: SHAREE'AH | O36: KALUTARA | P36: 107,MARADANA, BERUWALA. | Q36: 778535209
A37: 461 | B37: AADHIL AMEEN | C37: AMEEN | D37: 40938 | E37: =DATEDIF(D37, TODAY(), "Y") & " Y " & DATEDIF(D37, TODAY(), "YM") & " M" -> 14 Y 0 M | H37: YES | J37: 1 | K37: =VLOOKUP(J37,$A$162:$B$179,2,FALSE) -> #N/A | L37: =VLOOKUP(J37,$A$162:$C$179,3,FALSE) -> #N/A | N37: SHAREE'AH | O37: KALUTARA | P37: 26/16H, MOOR STREET, KALUTARA SOUTH. | Q37: 752109278
A38: 462 | B38: ARKAM SHIFAN | C38: SHIFAN | D38: 40565 | E38: =DATEDIF(D38, TODAY(), "Y") & " Y " & DATEDIF(D38, TODAY(), "YM") & " M" -> 15 Y 0 M | H38: YES | J38: 2 | K38: =VLOOKUP(J38,$A$162:$B$179,2,FALSE) -> #N/A | L38: =VLOOKUP(J38,$A$162:$C$179,3,FALSE) -> #N/A | N38: SHAREE'AH | O38: KALUTARA | P38: 30/5A, KADIYA WATTA ROAD, DARGA TOWN. | Q38: 770456458
A39: 467 | B39: M.MAHMOODH | C39: MUSHIR KHAN MUSHI KHAN | D39: 40033 | E39: =DATEDIF(D39, TODAY(), "Y") & " Y " & DATEDIF(D39, TODAY(), "YM") & " M" -> 16 Y 5 M | F39: 200922103493 | H39: YES | J39: 2 | K39: =VLOOKUP(J39,$A$162:$B$179,2,FALSE) -> #N/A | L39: =VLOOKUP(J39,$A$162:$C$179,3,FALSE) -> #N/A | N39: SHAREE'AH | O39: HAMPANTHOTA | P39: 30/5A, KADIYA WATTA ROAD, DARGA TOWN. | Q39: 0717255136 / 0714096631
A40: 468 | B40: NAFLAN HASSAN | C40: HASSAN | D40: 39931 | E40: =DATEDIF(D40, TODAY(), "Y") & " Y " & DATEDIF(D40, TODAY(), "YM") & " M" -> 16 Y 9 M | H40: YES | J40: 1 | K40: =VLOOKUP(J40,$A$162:$B$179,2,FALSE) -> #N/A | L40: =VLOOKUP(J40,$A$162:$C$179,3,FALSE) -> #N/A | N40: SHAREE'AH | O40: KALUTARA | P40: 12/1, KETHARAMA ROAD, KALUTARA SOUTH. | Q40: 771352534
A41: 469 | B41: ABDUR RAZZAQ NASEER | C41: NASEER | D41: 40101 | E41: =DATEDIF(D41, TODAY(), "Y") & " Y " & DATEDIF(D41, TODAY(), "YM") & " M" -> 16 Y 3 M | H41: NO | I41: Death | J41: 1 | K41: =VLOOKUP(J41,$A$162:$B$179,2,FALSE) -> #N/A | L41: =VLOOKUP(J41,$A$162:$C$179,3,FALSE) -> #N/A | N41: SHAREE'AH | O41: KALUTARA | P41: 12/1, KETHARAMA ROAD, KALUTARA SOUTH. | Q41: 771352534
A42: 470 | B42: AMEER ALI FAIROOS | C42: FAIROOS | D42: 40149 | E42: =DATEDIF(D42, TODAY(), "Y") & " Y " & DATEDIF(D42, TODAY(), "YM") & " M" -> 16 Y 2 M | H42: NO | I42: Death | J42: 2 | K42: =VLOOKUP(J42,$A$162:$B$179,2,FALSE) -> #N/A | L42: =VLOOKUP(J42,$A$162:$C$179,3,FALSE) -> #N/A | N42: SHAREE'AH | O42: KALUTARA | P42: 12/1, KETHARAMA ROAD, KALUTARA SOUTH. | Q42: 777983629
A43: 471 | B43: M.F.ABDUL KHALIQ | C43: MUHAMMED FAHRAN ABDUL KHALIQ | D43: 40436 | E43: =DATEDIF(D43, TODAY(), "Y") & " Y " & DATEDIF(D43, TODAY(), "YM") & " M" -> 15 Y 4 M | G43: 44573 | H43: YES | J43: H6 | K43: =VLOOKUP(J43,$A$162:$B$179,2,FALSE) -> #N/A | L43: =VLOOKUP(J43,$A$162:$C$179,3,FALSE) -> #N/A | N43: HIFZ | O43: KALUTARA | P43: 55/15,RASIK MARIKAR MW, BERUWALA. | Q43: 715888005
A44: 472 | B44: S.SHAHEEDH AHMADH | C44: SAMEETH SHAHEEDH AHMADH | D44: 40005 | E44: =DATEDIF(D44, TODAY(), "Y") & " Y " & DATEDIF(D44, TODAY(), "YM") & " M" -> 16 Y 6 M | H44: YES | J44: 1 | K44: =VLOOKUP(J44,$A$162:$B$179,2,FALSE) -> #N/A | L44: =VLOOKUP(J44,$A$162:$C$179,3,FALSE) -> #N/A | N44: SHAREE'AH | O44: KALUTARA | Q44: 770430884
A45: 475 | B45: M.R.AASIF | C45: MUHAMMED RIFKAN AASIF | D45: 40818 | E45: =DATEDIF(D45, TODAY(), "Y") & " Y " & DATEDIF(D45, TODAY(), "YM") & " M" -> 14 Y 4 M | G45: 44619 | H45: YES | J45: H1 | K45: =VLOOKUP(J45,$A$162:$B$179,2,FALSE) -> #N/A | L45: =VLOOKUP(J45,$A$162:$C$179,3,FALSE) -> #N/A | N45: HIFZ
A46: 477 | B46: IMADH ISMATH | C46: ISMATH | D46: 40483 | E46: =DATEDIF(D46, TODAY(), "Y") & " Y " & DATEDIF(D46, TODAY(), "YM") & " M" -> 15 Y 3 M | H46: NO | I46: Divorce | J46: 1 | K46: =VLOOKUP(J46,$A$162:$B$179,2,FALSE) -> #N/A | L46: =VLOOKUP(J46,$A$162:$C$179,3,FALSE) -> #N/A | N46: SHAREE'AH | O46: KALUTARA | P46: 79/91,NADUKKARA WATTA, AMBEPITIYA, BERUWALA. | Q46: 772828632
A47: 479 | B47: YOUSUF RILWAN | C47: RILWAN | D47: 40700 | E47: =DATEDIF(D47, TODAY(), "Y") & " Y " & DATEDIF(D47, TODAY(), "YM") & " M" -> 14 Y 7 M | H47: YES | J47: 1 | K47: =VLOOKUP(J47,$A$162:$B$179,2,FALSE) -> #N/A | L47: =VLOOKUP(J47,$A$162:$C$179,3,FALSE) -> #N/A | N47: SHAREE'AH | O47: KALUTARA | P47: 56, MOSQUE ROAD, PALANDHA, AGULAWATTHA. | Q47: 0715975212 / 0774693164
A48: 480 | B48: AADHIL SAFRAS | C48: SAFRAS | D48: 40471 | E48: =DATEDIF(D48, TODAY(), "Y") & " Y " & DATEDIF(D48, TODAY(), "YM") & " M" -> 15 Y 3 M | G48: 44573 | H48: YES | J48: H2 | K48: =VLOOKUP(J48,$A$162:$B$179,2,FALSE) -> #N/A | L48: =VLOOKUP(J48,$A$162:$C$179,3,FALSE) -> #N/A | N48: HIFZ | O48: KALUTARA | P48: 136/5, ABDUL MUYEEN MAWATHA, MALIGAHENA. | Q48: 0762711571 / 0760129841
A49: 481 | B49: BILAL FASLAN | C49: FASLAN | D49: 40817 | E49: =DATEDIF(D49, TODAY(), "Y") & " Y " & DATEDIF(D49, TODAY(), "YM") & " M" -> 14 Y 4 M | G49: 44710 | H49: YES | J49: H2 | K49: =VLOOKUP(J49,$A$162:$B$179,2,FALSE) -> #N/A | L49: =VLOOKUP(J49,$A$162:$C$179,3,FALSE) -> #N/A | N49: HIFZ | O49: KALUTARA | P49: 222/49A, ABDUL MUYEENS MAWATHA, OLD ROAD, BERUWALA. | Q49: 774303166
A50: 482 | B50: SAJEER SAFRAS | C50: SAFRAS | D50: 41089 | E50: =DATEDIF(D50, TODAY(), "Y") & " Y " & DATEDIF(D50, TODAY(), "YM") & " M" -> 13 Y 7 M | G50: 44710 | H50: YES | J50: H2 | K50: =VLOOKUP(J50,$A$162:$B$179,2,FALSE) -> #N/A | L50: =VLOOKUP(J50,$A$162:$C$179,3,FALSE) -> #N/A | N50: HIFZ | O50: KALUTARA | P50: 80, WETTIMA RAJA PURA, MARADANA, BERUWALA. | Q50: 0759357264 / 0770761884
A51: 483 | B51: M.A.M.LUKMAN | C51: MUHAMMAD AROOS MUHAMMAD LUKMAN | D51: 40210 | E51: =DATEDIF(D51, TODAY(), "Y") & " Y " & DATEDIF(D51, TODAY(), "YM") & " M" -> 16 Y 0 M | F51: 201003200911 | G51: 44710 | H51: YES | J51: H6 | K51: =VLOOKUP(J51,$A$162:$B$179,2,FALSE) -> #N/A | L51: =VLOOKUP(J51,$A$162:$C$179,3,FALSE) -> #N/A | N51: HIFZ | O51: KALUTARA | P51: 13, MUSLIM ROAD, WELIPPANNA. | Q51: 775332539
A52: 484 | B52: RIHAN RIFDHI | C52: RIFHDHI | D52: 40389 | E52: =DATEDIF(D52, TODAY(), "Y") & " Y " & DATEDIF(D52, TODAY(), "YM") & " M" -> 15 Y 6 M | G52: 44710 | H52: YES | J52: H6 | K52: =VLOOKUP(J52,$A$162:$B$179,2,FALSE) -> #N/A | L52: =VLOOKUP(J52,$A$162:$C$179,3,FALSE) -> #N/A | N52: HIFZ | O52: KALUTARA | P52: 15/18A, MADAKISSA RD, HORETHUDUWE, KESALWATTA. | Q52: 773708755 / 768668755
A53: 488 | B53: RAQEEB RIZA | C53: RIZA | D53: 40852 | E53: =DATEDIF(D53, TODAY(), "Y") & " Y " & DATEDIF(D53, TODAY(), "YM") & " M" -> 14 Y 3 M | G53: 04.01.2023 | H53: YES | J53: H6 | K53: =VLOOKUP(J53,$A$162:$B$179,2,FALSE) -> #N/A | L53: =VLOOKUP(J53,$A$162:$C$179,3,FALSE) -> #N/A | N53: HIFZ | O53: KALUTARA | P53: 29/SC, MIHIDU MW, WERAWATTA, PANADURA, | Q53: 766906640
A54: 491 | B54: ABDULLAH AZEEZUR RAHMAN | C54: AZEERUR RAHMAN | D54: 40203 | E54: =DATEDIF(D54, TODAY(), "Y") & " Y " & DATEDIF(D54, TODAY(), "YM") & " M" -> 16 Y 0 M | F54: 201002503238 | G54: 04.01.2023 | H54: YES | J54: H1 | K54: =VLOOKUP(J54,$A$162:$B$179,2,FALSE) -> #N/A | L54: =VLOOKUP(J54,$A$162:$C$179,3,FALSE) -> #N/A | N54: HIFZ | O54: KALUTARA | P54: 142, AMBALANDUWA, PANADURA. | Q54: 750707297
A55: 493 | B55: M.H.M. MUHAMMAD ALI | C55: MUHAMMAD HUSAIN MUHAMMAD ALI | D55: 40124 | E55: =DATEDIF(D55, TODAY(), "Y") & " Y " & DATEDIF(D55, TODAY(), "YM") & " M" -> 16 Y 2 M | F55: 200931201258 | G55: 04.01.2023 | H55: YES | J55: 4 | K55: =VLOOKUP(J55,$A$162:$B$179,2,FALSE) -> #N/A | L55: =VLOOKUP(J55,$A$162:$C$179,3,FALSE) -> #N/A | N55: SHAREE'AH | O55: KALUTARA | P55: 80, WETTIMA RAJA PURA, MARADANA, BERUWALA. | Q55: 772929235
A56: 494 | B56: M.N.M. YOUNUS | C56: MUHAMMAD NASEER MUHAMMAD YOUNUS | D56: 39570 | E56: =DATEDIF(D56, TODAY(), "Y") & " Y " & DATEDIF(D56, TODAY(), "YM") & " M" -> 17 Y 9 M | F56: 200812305630 | G56: 04.01.2023 | H56: NO | I56: Foreign | J56: 4 | K56: =VLOOKUP(J56,$A$162:$B$179,2,FALSE) -> #N/A | L56: =VLOOKUP(J56,$A$162:$C$179,3,FALSE) -> #N/A | N56: SHAREE'AH | O56: KALUTARA | P56: 25,ZAVIA ROAD, MAHAGODA, BERUWALA. | Q56: 768005842
A57: 500 | B57: M.S.MAHMOODH | C57: MUHAMMAD SABRY MAHMOODH | D57: 39849 | E57: =DATEDIF(D57, TODAY(), "Y") & " Y " & DATEDIF(D57, TODAY(), "YM") & " M" -> 17 Y 0 M | F57: 200903602467 | G57: 04.01.2023 | H57: YES | J57: 4 | K57: =VLOOKUP(J57,$A$162:$B$179,2,FALSE) -> #N/A | L57: =VLOOKUP(J57,$A$162:$C$179,3,FALSE) -> #N/A | N57: SHAREE'AH | O57: KALUTARA | P57: 181, HILL STREET, KALUTARA SOUTH. | Q57: 763746327
A58: 501 | B58: M.S.HAMIDH | C58: MUHAMMAD SABRY HAMIDH | D58: 40954 | E58: =DATEDIF(D58, TODAY(), "Y") & " Y " & DATEDIF(D58, TODAY(), "YM") & " M" -> 13 Y 11 M | G58: 04.01.2023 | H58: YES | J58: H2 | K58: =VLOOKUP(J58,$A$162:$B$179,2,FALSE) -> #N/A | L58: =VLOOKUP(J58,$A$162:$C$179,3,FALSE) -> #N/A | N58: HIFZ | O58: KALUTARA | P58: 181, HILL STREET, KALUTARA SOUTH. | Q58: 763746327
A59: 503 | B59: M.S.AFEEF | C59: MUHAMMAD SIRAJ AFEEF | D59: 41020 | E59: =DATEDIF(D59, TODAY(), "Y") & " Y " & DATEDIF(D59, TODAY(), "YM") & " M" -> 13 Y 9 M | H59: NO | I59: Foreign | J59: 1 | K59: =VLOOKUP(J59,$A$162:$B$179,2,FALSE) -> #N/A | L59: =VLOOKUP(J59,$A$162:$C$179,3,FALSE) -> #N/A | N59: SHAREE'AH | O59: KALUTARA | P59: 56/A, INDURLIGODA, | Q59: 752145490
A60: 506 | B60: M.F.ABDUL BASITH | C60: MUHAMMAD FARIS ABDUL BASITH | D60: 40159 | E60: =DATEDIF(D60, TODAY(), "Y") & " Y " & DATEDIF(D60, TODAY(), "YM") & " M" -> 16 Y 1 M | F60: 200934700970 | G60: 14.01.2023 | H60: YES | J60: 4 | K60: =VLOOKUP(J60,$A$162:$B$179,2,FALSE) -> #N/A | L60: =VLOOKUP(J60,$A$162:$C$179,3,FALSE) -> #N/A | N60: SHAREE'AH | O60: KALUTARA | P60: 95/C, GORAKADUWA, MARADANA, BERUWALA. | Q60: 776156536
A61: 507 | B61: ABDUL BASITH ASSAFF | C61: AHAMAD ASSAFF | D61: 39585 | E61: =DATEDIF(D61, TODAY(), "Y") & " Y " & DATEDIF(D61, TODAY(), "YM") & " M" -> 17 Y 8 M | H61: YES | J61: 2 | K61: =VLOOKUP(J61,$A$162:$B$179,2,FALSE) -> #N/A | L61: =VLOOKUP(J61,$A$162:$C$179,3,FALSE) -> #N/A | N61: SHAREE'AH | O61: KALUTARA | P61: 215/1, MARADANA. BERUWALA. | Q61: 773490474
A62: 509 | B62: M.S.AATHIF | C62: MUHAMMAD SAFRAN | D62: 39922 | E62: =DATEDIF(D62, TODAY(), "Y") & " Y " & DATEDIF(D62, TODAY(), "YM") & " M" -> 16 Y 9 M | H62: YES | J62: 3 | K62: =VLOOKUP(J62,$A$162:$B$179,2,FALSE) -> #N/A | L62: =VLOOKUP(J62,$A$162:$C$179,3,FALSE) -> #N/A | N62: SHAREE'AH | O62: KALUTARA | P62: 31/5F, JONE ROAD, KALUTARA SOUTH. | Q62: 755881563 / 0740685959
A63: 510 | B63: M.I.M.NIHMATHULLAH | C63: MUHAMMAD IMRAN MUHAMMAD NIHMATHULLAH | D63: 40025 | E63: =DATEDIF(D63, TODAY(), "Y") & " Y " & DATEDIF(D63, TODAY(), "YM") & " M" -> 16 Y 6 M | F63: 200921301578 | G63: 25.01.2023 | H63: YES | J63: 4 | K63: =VLOOKUP(J63,$A$162:$B$179,2,FALSE) -> #N/A | L63: =VLOOKUP(J63,$A$162:$C$179,3,FALSE) -> #N/A | N63: SHAREE'AH | O63: KALUTARA | P63: 30/1A, MOLLIYA MALA, BERUWALA. | Q63: 773615802
A64: 514 | B64: M.A.M.RIMAS | C64: MUHAMMAD AMAN MUHAMMAD RIMAS | D64: 39467 | E64: =DATEDIF(D64, TODAY(), "Y") & " Y " & DATEDIF(D64, TODAY(), "YM") & " M" -> 18 Y 0 M | F64: 200802000876 | G64: 13.02.2023 | H64: YES | J64: 4 | K64: =VLOOKUP(J64,$A$162:$B$179,2,FALSE) -> #N/A | L64: =VLOOKUP(J64,$A$162:$C$179,3,FALSE) -> #N/A | N64: SHAREE'AH | O64: KALUTARA | P64: 37/30, HANAFI MW, MARADANA, BERUWALA. | Q64: 760653596
A65: 515 | B65: M.R.M. YOOSUF | C65: MUHAMMED RIFKAN MUHAMMED YOOSUF | D65: 41493 | E65: =DATEDIF(D65, TODAY(), "Y") & " Y " & DATEDIF(D65, TODAY(), "YM") & " M" -> 12 Y 5 M | G65: 07.01.2024 | H65: YES | J65: H4 | K65: =VLOOKUP(J65,$A$162:$B$179,2,FALSE) -> #N/A | L65: =VLOOKUP(J65,$A$162:$C$179,3,FALSE) -> #N/A | N65: HIFZ | O65: KALUTHARA | P65: 74/5 A, NEW KANGANANGODA CHINA FORT, BERUWALA | Q65: 767694942
A66: 516 | B66: M.A. AMMAR ALI | C66: MUHAMMED ATHEEQ AMMAR ALI | D66: 40906 | E66: =DATEDIF(D66, TODAY(), "Y") & " Y " & DATEDIF(D66, TODAY(), "YM") & " M" -> 14 Y 1 M | G66: 07.01.2024 | H66: YES | J66: H3 | K66: =VLOOKUP(J66,$A$162:$B$179,2,FALSE) -> #N/A | L66: =VLOOKUP(J66,$A$162:$C$179,3,FALSE) -> #N/A | N66: HIFZ | O66: KALUTHARA | P66: 75/A HENA ROAD, MARAKKALA WATTHA, BERUWALA | Q66: 0776195516 / 0770569292
A67: 518 | B67: M.M.ABDUR RAHMAN | C67: MUHAMMAD MANSOOR ABDUR RAHMAN | D67: 40403 | E67: =DATEDIF(D67, TODAY(), "Y") & " Y " & DATEDIF(D67, TODAY(), "YM") & " M" -> 15 Y 5 M | H67: YES | J67: 3 | K67: =VLOOKUP(J67,$A$162:$B$179,2,FALSE) -> #N/A | L67: =VLOOKUP(J67,$A$162:$C$179,3,FALSE) -> #N/A | N67: SHAREE'AH | O67: KALUTHARA | P67: 1/A 33/5, POLWATTHA, AMBEPITIYA, BERUWALA | Q67: 764979616
A68: 519 | B68: M.K.M. UMAR | C68: MUHAMMED KABEER MUHAMMED UMAR | D68: 41537 | E68: =DATEDIF(D68, TODAY(), "Y") & " Y " & DATEDIF(D68, TODAY(), "YM") & " M" -> 12 Y 4 M | G68: 07.01.2024 | H68: YES | J68: H4 | K68: =VLOOKUP(J68,$A$162:$B$179,2,FALSE) -> #N/A | L68: =VLOOKUP(J68,$A$162:$C$179,3,FALSE) -> #N/A | N68: HIFZ | O68: KALUTHARA | P68: 214/D, BAKKARY ROAD, AMBALANDHUWA, PANADURA | Q68: 0772055764 / 0772090657
A69: 520 | B69: M.K.M. KAMAR | C69: MUHAMMED KABEER MUHAMMED KAMAR | D69: 40732 | E69: =DATEDIF(D69, TODAY(), "Y") & " Y " & DATEDIF(D69, TODAY(), "YM") & " M" -> 14 Y 6 M | G69: 07.01.2024 | H69: YES | J69: H3 | K69: =VLOOKUP(J69,$A$162:$B$179,2,FALSE) -> #N/A | L69: =VLOOKUP(J69,$A$162:$C$179,3,FALSE) -> #N/A | N69: HIFZ | O69: KALUTHARA | P69: 214/D, BAKKARY ROAD, AMBALANDHUWA, PANADURA | Q69: 0772055764 / 0772090657
A70: 521 | B70: M.R.ABDUL HALIQ | C70: MUHAMMED RIFAS ABDUL HALIQ | D70: 41456 | E70: =DATEDIF(D70, TODAY(), "Y") & " Y " & DATEDIF(D70, TODAY(), "YM") & " M" -> 12 Y 7 M | G70: 07.01.2024 | H70: YES | J70: H4 | K70: =VLOOKUP(J70,$A$162:$B$179,2,FALSE) -> #N/A | L70: =VLOOKUP(J70,$A$162:$C$179,3,FALSE) -> #N/A | N70: HIFZ | O70: KALUTHARA | P70: 74, MARIKKAR ROAD, KALUTHARA SOUTH | Q70: 0779536353 / 0773689885
A71: 522 | B71: M.R.M. ARKAM | C71: MUHAMMED RISAN MUHAMMED ARKAM | D71: 41816 | E71: =DATEDIF(D71, TODAY(), "Y") & " Y " & DATEDIF(D71, TODAY(), "YM") & " M" -> 11 Y 7 M | G71: 07.01.2024 | H71: YES | J71: H3 | K71: =VLOOKUP(J71,$A$162:$B$179,2,FALSE) -> #N/A | L71: =VLOOKUP(J71,$A$162:$C$179,3,FALSE) -> #N/A | N71: HIFZ | O71: KALUTHARA | P71: 222/48 C, ABDUL MUEEZ MAWATTHA, OLD ROAD,MARDANA BERUWALA | Q71: 0777492260 / 0750165011
A72: 523 | B72: M.H. USAMA | C72: MUHAMMED HUSSAIN USAMA | D72: 41443 | E72: =DATEDIF(D72, TODAY(), "Y") & " Y " & DATEDIF(D72, TODAY(), "YM") & " M" -> 12 Y 7 M | G72: 07.01.2024 | H72: YES | J72: H4 | K72: =VLOOKUP(J72,$A$162:$B$179,2,FALSE) -> #N/A | L72: =VLOOKUP(J72,$A$162:$C$179,3,FALSE) -> #N/A | N72: HIFZ | O72: KALUTHARA | P72: 80, WETTIMI RAJAPURA, MARDANA, BERUWALA | Q72: 0772929235 / 0778191972
A73: 524 | B73: M.F. MAHMOODH | C73: MUAHMMED FAHMY MAHMOODH | D73: 40273 | E73: =DATEDIF(D73, TODAY(), "Y") & " Y " & DATEDIF(D73, TODAY(), "YM") & " M" -> 15 Y 10 M | G73: 07.01.2024 | H73: YES | J73: H4 | K73: =VLOOKUP(J73,$A$162:$B$179,2,FALSE) -> #N/A | L73: =VLOOKUP(J73,$A$162:$C$179,3,FALSE) -> #N/A | N73: HIFZ | O73: KALUTHARA | P73: 24, MARAKKALA WATTHA, BERUWALA | Q73: 0779460601 / 0778763547
A74: 525 | B74: M.R.M.RAMALAN | C74: MUHAMMAD RIMZAN MUHAMMAD RAMALAN | D74: 39298 | E74: =DATEDIF(D74, TODAY(), "Y") & " Y " & DATEDIF(D74, TODAY(), "YM") & " M" -> 18 Y 6 M | F74: 200721704963 | H74: YES | J74: 3 | K74: =VLOOKUP(J74,$A$162:$B$179,2,FALSE) -> #N/A | L74: =VLOOKUP(J74,$A$162:$C$179,3,FALSE) -> #N/A | N74: SHAREE'AH | O74: KALUTHARA | P74: 366/A, NEW ROAD AKKARAMALA, MAGGONA | Q74: 0771910104 / 0756619921
A75: 526 | B75: M.I.ABDULLAH | C75: MUHAMMAD ILFAN ABDULLAH | D75: 40198 | E75: =DATEDIF(D75, TODAY(), "Y") & " Y " & DATEDIF(D75, TODAY(), "YM") & " M" -> 16 Y 0 M | F75: 201002003621 | H75: YES | J75: 3 | K75: =VLOOKUP(J75,$A$162:$B$179,2,FALSE) -> #N/A | L75: =VLOOKUP(J75,$A$162:$C$179,3,FALSE) -> #N/A | N75: SHAREE'AH | O75: KALUTHARA | P75: 73/6 DHARGA ROAD KUTTIMALA, CHINA FORT, BERUWALA | Q75: 0774008535 / 0764343585
A76: 527 | B76: M.I.ZAKIR AHMEDH | C76: MUHAMMAD IRSAN ZAKIR AHMADH | D76: 40153 | E76: =DATEDIF(D76, TODAY(), "Y") & " Y " & DATEDIF(D76, TODAY(), "YM") & " M" -> 16 Y 1 M | H76: YES | J76: 3 | K76: =VLOOKUP(J76,$A$162:$B$179,2,FALSE) -> #N/A | L76: =VLOOKUP(J76,$A$162:$C$179,3,FALSE) -> #N/A | N76: SHAREE'AH | O76: KALUTHARA | P76: 853/3 GOLD ROAD, KATUKURUNDA, KALUTHARA | Q76: 0769772752 / 0773542205
A77: 530 | B77: M.M.M.MARWAN | C77: MUHAMMAD MIFRAZ MUHAMMAD MARWAN | D77: 39625 | E77: =DATEDIF(D77, TODAY(), "Y") & " Y " & DATEDIF(D77, TODAY(), "YM") & " M" -> 17 Y 7 M | F77: 200817701192 | H77: NO | I77: Divorce | J77: 3 | K77: =VLOOKUP(J77,$A$162:$B$179,2,FALSE) -> #N/A | L77: =VLOOKUP(J77,$A$162:$C$179,3,FALSE) -> #N/A | N77: SHAREE'AH | O77: COLOMBO | P77: 102/25, DONALD PERARA MAWATTHA, KOHILAWATTHA | Q77: 0760755266 / 0773415772
A78: 531 | B78: M.H.M. HAMDHAN | C78: MUHAMMED HARIS MUHAMMED HAMDHAN | D78: 41565 | E78: =DATEDIF(D78, TODAY(), "Y") & " Y " & DATEDIF(D78, TODAY(), "YM") & " M" -> 12 Y 3 M | G78: 07.01.2024 | H78: YES | J78: H3 | K78: =VLOOKUP(J78,$A$162:$B$179,2,FALSE) -> #N/A | L78: =VLOOKUP(J78,$A$162:$C$179,3,FALSE) -> #N/A | N78: HIFZ | O78: KALUTHARA | P78: 2/2 A, RAHMAN ROAD, THOTTAWATTHA, PANADURA | Q78: 0752497496 / 0722151131
A79: 532 | B79: M.M. HAMDHAN | C79: MUHAMMED MUJEEB HAMDHAN | D79: 41298 | E79: =DATEDIF(D79, TODAY(), "Y") & " Y " & DATEDIF(D79, TODAY(), "YM") & " M" -> 13 Y 0 M | G79: 07.01.2024 | H79: YES | J79: H4 | K79: =VLOOKUP(J79,$A$162:$B$179,2,FALSE) -> #N/A | L79: =VLOOKUP(J79,$A$162:$C$179,3,FALSE) -> #N/A | N79: HIFZ | O79: KALUTHARA | P79: 67/10, PETRIC WATTHA, AMBALANDUWA, PANADURA | Q79: 0756974428 / 0775528005
A80: 533 | B80: M.I. ABDUR RAZZAQ | C80: MUHAMMED IKRAM ABDUR RAZZAQ | D80: 40578 | E80: =DATEDIF(D80, TODAY(), "Y") & " Y " & DATEDIF(D80, TODAY(), "YM") & " M" -> 15 Y 0 M | G80: 07.01.2024 | H80: YES | J80: H4 | K80: =VLOOKUP(J80,$A$162:$B$179,2,FALSE) -> #N/A | L80: =VLOOKUP(J80,$A$162:$C$179,3,FALSE) -> #N/A | N80: HIFZ | O80: KALUTHARA | P80: 53/1, MOST ROAD, THOTTAWATTHA, PANADURA | Q80: 0771170550 / 0766834419
A81: 535 | B81: M.A. MUHAMMED | C81: MUHAMMED ASLAM MUHAMMED | D81: 40626 | E81: =DATEDIF(D81, TODAY(), "Y") & " Y " & DATEDIF(D81, TODAY(), "YM") & " M" -> 14 Y 10 M | G81: 07.01.2024 | H81: YES | J81: H4 | K81: =VLOOKUP(J81,$A$162:$B$179,2,FALSE) -> #N/A | L81: =VLOOKUP(J81,$A$162:$C$179,3,FALSE) -> #N/A | N81: HIFZ | O81: KALUTHARA | P81: 203 B, HENA ROAD, BERUWALA | Q81: 770638956
A82: 536 | B82: M.A.M. ALTHAF | C82: MUHAMMED ASLAM ALTHAF | D82: 40385 | E82: =DATEDIF(D82, TODAY(), "Y") & " Y " & DATEDIF(D82, TODAY(), "YM") & " M" -> 15 Y 6 M | G82: 07.01.2024 | H82: YES | J82: H4 | K82: =VLOOKUP(J82,$A$162:$B$179,2,FALSE) -> #N/A | L82: =VLOOKUP(J82,$A$162:$C$179,3,FALSE) -> #N/A | N82: HIFZ | O82: KALUTHARA | P82: 203 B, HENA ROAD, BERUWALA | Q82: 770638956
A83: 538 | B83: S.S. SIRAJUR RAHMAN | C83: SHAIK SULAIMAN SIRAJUR RAHMAN | D83: 40485 | E83: =DATEDIF(D83, TODAY(), "Y") & " Y " & DATEDIF(D83, TODAY(), "YM") & " M" -> 15 Y 3 M | G83: 07.01.2024 | H83: YES | J83: H3 | K83: =VLOOKUP(J83,$A$162:$B$179,2,FALSE) -> #N/A | L83: =VLOOKUP(J83,$A$162:$C$179,3,FALSE) -> #N/A | N83: HIFZ | O83: KALUTHARA | P83: 37/18 A, AARIYAWANSA MAWATTHA, KANGANANGODA, BERUWALA | Q83: 772274379 / 0779215683
A84: 539 | B84: M.F. YOOSUF | C84: MUHAMMED FAIZAL YOOSUF | D84: 40514 | E84: =DATEDIF(D84, TODAY(), "Y") & " Y " & DATEDIF(D84, TODAY(), "YM") & " M" -> 15 Y 2 M | H84: YES | J84: 2 | K84: =VLOOKUP(J84,$A$162:$B$179,2,FALSE) -> #N/A | L84: =VLOOKUP(J84,$A$162:$C$179,3,FALSE) -> #N/A | N84: SHAREE'AH | O84: KALUTHARA | P84: 120, JEYA SUNDHARA MAWATTHA, KALUTHARA | Q84: 768362209 / 0758261253 / 0772775377
A85: 544 | B85: M.N.M. NASHATH | C85: MUHAMMED NAFAS NASHATH | D85: 40595 | E85: =DATEDIF(D85, TODAY(), "Y") & " Y " & DATEDIF(D85, TODAY(), "YM") & " M" -> 14 Y 11 M | G85: 45474 | H85: YES | J85: H3 | K85: =VLOOKUP(J85,$A$162:$B$179,2,FALSE) -> #N/A | L85: =VLOOKUP(J85,$A$162:$C$179,3,FALSE) -> #N/A | N85: HIFZ | O85: #N/A | P85: 40/2, ATHUKALANAWA, SENAPURA, POLANNARUWA | Q85: #N/A
A86: 546 | B86: M.I. YOOSUF AHMADH | C86: MUHAMMED IRSHADH YOOSUF AHMADH | D86: 41589 | E86: =DATEDIF(D86, TODAY(), "Y") & " Y " & DATEDIF(D86, TODAY(), "YM") & " M" -> 12 Y 2 M | G86: 07.01.2024 | H86: YES | J86: H3 | K86: =VLOOKUP(J86,$A$162:$B$179,2,FALSE) -> #N/A | L86: =VLOOKUP(J86,$A$162:$C$179,3,FALSE) -> #N/A | N86: HIFZ | O86: KALUTHARA | P86: 86/5 A, SAMAGIPURA, KANGANANPURA, BERUWALA | Q86: 771105389
A87: 550 | B87: M.H.M. AADHIL | C87: MUHAMMED HAMZA MUHAMMED AADHIL | D87: 40532 | E87: =DATEDIF(D87, TODAY(), "Y") & " Y " & DATEDIF(D87, TODAY(), "YM") & " M" -> 15 Y 1 M | H87: NO | I87: Foreign | J87: 2 | K87: =VLOOKUP(J87,$A$162:$B$179,2,FALSE) -> #N/A | L87: =VLOOKUP(J87,$A$162:$C$179,3,FALSE) -> #N/A | N87: SHAREE'AH | O87: KALUTARA | P87: 20, RAZIK ROAD, THOTAWATTA, PANADURA. | Q87: 0713097924 / 0773140235
A88: 552 | B88: M.F.M.UMAR | C88: MUHAMMAD FAROOK MUHAMMAD UMAR | D88: 40077 | E88: =DATEDIF(D88, TODAY(), "Y") & " Y " & DATEDIF(D88, TODAY(), "YM") & " M" -> 16 Y 4 M | F88: 200923401602 | H88: YES | J88: 3 | K88: =VLOOKUP(J88,$A$162:$B$179,2,FALSE) -> #N/A | L88: =VLOOKUP(J88,$A$162:$C$179,3,FALSE) -> #N/A | N88: SHAREE'AH | O88: KALUTARA | P88: 239, AMBALANDUWA, PANADURA. | Q88: 774595259
A89: 553 | B89: M.N.ABDULLAH | C89: MUHAMMAD NASEER ABDULLAH | D89: 40913 | E89: =DATEDIF(D89, TODAY(), "Y") & " Y " & DATEDIF(D89, TODAY(), "YM") & " M" -> 14 Y 1 M | H89: YES | I89: Divorce | J89: 3 | K89: =VLOOKUP(J89,$A$162:$B$179,2,FALSE) -> #N/A | L89: =VLOOKUP(J89,$A$162:$C$179,3,FALSE) -> #N/A | N89: SHAREE'AH | O89: KALUTARA | P89: 12/1, KETHARAMA ROAD, KALUTARA SOUTH. | Q89: 0771352534 / 0753744717
A90: 555 | B90: M.F.M. THALHA | C90: MUHAMMAD FAHMY MUHAMMED THALHA | D90: 41076 | E90: =DATEDIF(D90, TODAY(), "Y") & " Y " & DATEDIF(D90, TODAY(), "YM") & " M" -> 13 Y 7 M | G90: 19.08.2024 | H90: YES | J90: H3 | K90: =VLOOKUP(J90,$A$162:$B$179,2,FALSE) -> #N/A | L90: =VLOOKUP(J90,$A$162:$C$179,3,FALSE) -> #N/A | N90: HIFZ | O90: KALUTARA | P90: 25/1, S.M LANE , DARGA TOWN | Q90: 077 84 26833
A91: 558 | B91: M.A.M.AATHIF | C91: MUHAMMED AZHAR MUHAMMED AATHIF | G91: 25/08/2024 | H91: YES | J91: H3 | K91: =VLOOKUP(J91,$A$162:$B$179,2,FALSE) -> #N/A | L91: =VLOOKUP(J91,$A$162:$C$179,3,FALSE) -> #N/A | N91: HIFZ | O91: KALUTARA | P91: 31/20, MARAKKALA WATTA, BERUWALA. | Q91: 0
A92: 559 | B92: M.N.M.ABDULLAH | C92: MOHAMMED NAYEEM MUHAMMED ABDULLAH | D92: 40603 | E92: =DATEDIF(D92, TODAY(), "Y") & " Y " & DATEDIF(D92, TODAY(), "YM") & " M" -> 14 Y 11 M | G92: 45579 | H92: NO | I92: Death | J92: H6 | K92: =VLOOKUP(J92,$A$162:$B$179,2,FALSE) -> #N/A | L92: =VLOOKUP(J92,$A$162:$C$179,3,FALSE) -> #N/A | N92: HIFZ | O92: MATARA | P92: 26/7, AROOSIYA MAWATHA, NEW STREET, WELIGAMA. | Q92: 0770666798 /
A93: 560 | B93: AKMAL ALIFULLAH | C93: AKMAL ALIFULLAH | D93: 40973 | E93: =DATEDIF(D93, TODAY(), "Y") & " Y " & DATEDIF(D93, TODAY(), "YM") & " M" -> 13 Y 11 M | G93: 45662 | H93: YES | J93: H5 | K93: =VLOOKUP(J93,$A$162:$B$179,2,FALSE) -> #N/A | L93: =VLOOKUP(J93,$A$162:$C$179,3,FALSE) -> #N/A | N93: HIFZ | O93: 0 | P93: =VLOOKUP(A93,#REF!,15,FALSE) -> #REF! | Q93: 0
A94: 561 | B94: ISHAK IRSHADH | C94: ISHAK IRSHADH | D94: 41686 | E94: =DATEDIF(D94, TODAY(), "Y") & " Y " & DATEDIF(D94, TODAY(), "YM") & " M" -> 11 Y 11 M | G94: 45662 | H94: YES | J94: H5 | K94: =VLOOKUP(J94,$A$162:$B$179,2,FALSE) -> #N/A | L94: =VLOOKUP(J94,$A$162:$C$179,3,FALSE) -> #N/A | N94: HIFZ | O94: 0 | P94: =VLOOKUP(A94,#REF!,15,FALSE) -> #REF! | Q94: 0
A95: 563 | B95: M. AABITH AMJATH | C95: MUHAMMED AABITH AMJATH | E95: =DATEDIF(D95, TODAY(), "Y") & " Y " & DATEDIF(D95, TODAY(), "YM") & " M" -> 126 Y 1 M | H95: YES | J95: 2 | K95: =VLOOKUP(J95,$A$162:$B$179,2,FALSE) -> #N/A | L95: =VLOOKUP(J95,$A$162:$C$179,3,FALSE) -> #N/A | N95: SHAREE'AH | O95: 0 | Q95: 0
A96: 564 | B96: M.A. ISHAQ | C96: MUHAMMED AROOS ISHAQ | D96: 40609 | E96: =DATEDIF(D96, TODAY(), "Y") & " Y " & DATEDIF(D96, TODAY(), "YM") & " M" -> 14 Y 10 M | G96: 45662 | H96: YES | J96: H2 | K96: =VLOOKUP(J96,$A$162:$B$179,2,FALSE) -> #N/A | L96: =VLOOKUP(J96,$A$162:$C$179,3,FALSE) -> #N/A | N96: HIFZ | O96: 0 | Q96: 0
A97: 566 | B97: A.ASJATH AHMEDH | C97: ASJATH AHMEDH ATHEEK | D97: 41388 | E97: =DATEDIF(D97, TODAY(), "Y") & " Y " & DATEDIF(D97, TODAY(), "YM") & " M" -> 12 Y 9 M | G97: 45662 | H97: YES | J97: H1 | K97: =VLOOKUP(J97,$A$162:$B$179,2,FALSE) -> #N/A | L97: =VLOOKUP(J97,$A$162:$C$179,3,FALSE) -> #N/A | N97: HIFZ | O97: 0 | Q97: 0
A98: 568 | B98: S.IBRAHEEM | C98: SHIFAN IBRAHEEM | D98: 41572 | E98: =DATEDIF(D98, TODAY(), "Y") & " Y " & DATEDIF(D98, TODAY(), "YM") & " M" -> 12 Y 3 M | G98: 45662 | H98: NO | I98: Death | J98: H5 | K98: =VLOOKUP(J98,$A$162:$B$179,2,FALSE) -> #N/A | L98: =VLOOKUP(J98,$A$162:$C$179,3,FALSE) -> #N/A | N98: HIFZ | O98: 0 | P98: =VLOOKUP(A98,#REF!,15,FALSE) -> #REF! | Q98: 0
A99: 570 | B99: W.AHMEDH | C99: WASEEM AHMEDH | D99: 41443 | E99: =DATEDIF(D99, TODAY(), "Y") & " Y " & DATEDIF(D99, TODAY(), "YM") & " M" -> 12 Y 7 M | G99: 45662 | H99: YES | J99: H5 | K99: =C2=VLOOKUP(J99,$A$162:$B$179,2,FALSE) -> #N/A | L99: =VLOOKUP(J99,$A$162:$C$179,3,FALSE) -> #N/A | N99: HIFZ | O99: 0 | P99: =VLOOKUP(A99,#REF!,15,FALSE) -> #REF! | Q99: 0
A100: 572 | B100: H.AASHIK ILAHI | C100: HISHAM AASHIK ILAHI | D100: 41923 | E100: =DATEDIF(D100, TODAY(), "Y") & " Y " & DATEDIF(D100, TODAY(), "YM") & " M" -> 11 Y 3 M | G100: 45662 | H100: YES | J100: H1 | K100: =VLOOKUP(J100,$A$162:$B$179,2,FALSE) -> #N/A | L100: =VLOOKUP(J100,$A$162:$C$179,3,FALSE) -> #N/A | N100: HIFZ | O100: 0 | Q100: 0
...

Sheet CHECKING
C3: Student Details 2026
C4: Admision No: | D4: 500
C5: Name with initial | D5: =VLOOKUP($D$4,'2026'!$E$3:$AH$674,2,FALSE) -> M.S.MAHMOODH
C6: Full Name | D6: =VLOOKUP($D$4,'2026'!$E$3:$AH$674,3,FALSE) -> MUHAMMAD SABRY MAHMOODH
C7: Date of Birth | D7: =VLOOKUP($D$4,'2026'!$E$3:$AH$674,4,FALSE) -> 39849
C8: Age | D8: =VLOOKUP($D$4,'2026'!$E$3:$AH$674,5,FALSE) -> 17 Y 0 M
C9: N.I.C Number | D9: =VLOOKUP($D$4,'2026'!$E$3:$AH$674,6,FALSE) -> 200903602467
C10: Date of Admision | D10: =VLOOKUP($D$4,'2026'!$E$3:$AH$674,7,FALSE) -> 04.01.2023
C11: Father | D11: =VLOOKUP($D$4,'2026'!$E$3:$AH$674,9,FALSE) -> 0
C12: Grade( in madrasa) | D12: =VLOOKUP($D$4,'2026'!$E$3:$AH$674,10,FALSE) -> 4
C13: Class Usthadh | D13: =VLOOKUP($D$4,'2026'!$E$3:$AH$674,11,FALSE) -> ASH-SHAIKH MUNTHASIR
C14: Usthadh Contact Number | D14: =VLOOKUP($D$4,'2026'!$E$3:$AH$674,12,FALSE) -> 0762663436 / 0755050300
C15: Grade (in School Subjects) | D15: =VLOOKUP($D$4,'2026'!$E$3:$AH$674,13,FALSE) -> 0
C16: Section | D16: =VLOOKUP($D$4,'2026'!$E$3:$AH$674,14,FALSE) -> SHAREE'AH
C17: Distric | D17: =VLOOKUP($D$4,'2026'!$E$3:$AH$674,15,FALSE) -> KALUTARA
C18: Address | D18: =VLOOKUP($D$4,'2026'!$E$3:$AH$674,16,FALSE) -> 181, HILL STREET, KALUTARA SOUTH.
C19: Contact Number | D19: =VLOOKUP($D$4,'2026'!$E$3:$AH$674,17,FALSE) -> 763746327
D20: =VLOOKUP($D$4,'2026'!$E$3:$AH$674,18,FALSE) -> 0
D21: =VLOOKUP($D$4,'2026'!$E$3:$AH$674,19,FALSE) -> 0
D22: =VLOOKUP($D$4,'2026'!$E$3:$AH$674,20,FALSE) -> 0
D23: =VLOOKUP($D$4,'2026'!$E$3:$AH$674,21,FALSE) -> 0
D24: =VLOOKUP($D$4,'2026'!$E$3:$AH$674,22,FALSE) -> 0
